{
  "url": "https://www.californiaclosets.com/paxton/",
  "requestedUrl": "https://www.californiaclosets.com/paxton/",
  "timestamp": 1691932462019,
  "ranks": {
    "hundos": 5,
    "performance": 7,
    "accessibility": 3,
    "cumulative": 6
  },
  "lighthouse": {
    "version": "9.6.8",
    "performance": 0.5,
    "accessibility": 0.92,
    "bestPractices": 1,
    "seo": 0.89,
    "total": 331
  },
  "firstContentfulPaint": 2804.1009999999997,
  "firstMeaningfulPaint": 3257.7879999999996,
  "speedIndex": 3694.8211758804155,
  "largestContentfulPaint": 7776.388,
  "totalBlockingTime": 267.00000000000045,
  "cumulativeLayoutShift": 0.321743519253201,
  "timeToInteractive": 7340.398499999998,
  "maxPotentialFirstInputDelay": 165,
  "timeToFirstByte": 56.89099999999999,
  "weight": {
    "summary": "113 requests • 2,335 KiB",
    "total": 2390581,
    "image": 1665467,
    "imageCount": 32,
    "script": 322439,
    "scriptCount": 51,
    "document": 60201,
    "font": 154863,
    "fontCount": 11,
    "stylesheet": 174584,
    "stylesheetCount": 7,
    "thirdParty": 1988769,
    "thirdPartyCount": 58
  },
  "run": {
    "number": 1,
    "total": 3
  },
  "sidequests": {
    "-weight.total": 34,
    "+weight.total": 4,
    "-weight.document": 4,
    "+weight.document": 34,
    "-weight.script": 10,
    "+weight.script": 28,
    "-weight.image": 36,
    "+weight.image": 2,
    "-weight.font": 4,
    "+weight.font": 11,
    "+weight.fontCount": 3,
    "-timeToFirstByte": 27,
    "-totalBlockingTime": 2,
    "-largestContentfulPaint": 37
  },
  "axe": {
    "passes": 1203,
    "violations": 5
  }
}