{
  "url": "https://www.californiaclosets.com/paxton/",
  "requestedUrl": "https://www.californiaclosets.com/paxton/",
  "timestamp": 1694352683835,
  "ranks": {
    "hundos": 6,
    "performance": 8,
    "accessibility": 3,
    "cumulative": 6
  },
  "lighthouse": {
    "version": "9.6.8",
    "performance": 0.42,
    "accessibility": 0.9,
    "bestPractices": 1,
    "seo": 0.89,
    "total": 321
  },
  "firstContentfulPaint": 2976.4179999999997,
  "firstMeaningfulPaint": 2976.4179999999997,
  "speedIndex": 3637.333991086213,
  "largestContentfulPaint": 6959.257000000001,
  "totalBlockingTime": 475,
  "cumulativeLayoutShift": 0.321743519253201,
  "timeToInteractive": 8538.615500000002,
  "maxPotentialFirstInputDelay": 229,
  "timeToFirstByte": 5.673000000000002,
  "weight": {
    "summary": "103 requests • 2,276 KiB",
    "total": 2330487,
    "image": 1616161,
    "imageCount": 29,
    "script": 310461,
    "scriptCount": 44,
    "document": 60065,
    "font": 154861,
    "fontCount": 11,
    "stylesheet": 176009,
    "stylesheetCount": 7,
    "thirdParty": 1943776,
    "thirdPartyCount": 50
  },
  "run": {
    "number": 2,
    "total": 3
  },
  "sidequests": {
    "-weight.total": 34,
    "+weight.total": 4,
    "-weight.document": 4,
    "+weight.document": 34,
    "-weight.script": 3,
    "+weight.script": 35,
    "-weight.image": 36,
    "+weight.image": 2,
    "-weight.font": 5,
    "+weight.font": 12,
    "+weight.fontCount": 3,
    "-timeToFirstByte": 11,
    "-totalBlockingTime": 2,
    "-largestContentfulPaint": 33
  },
  "axe": {
    "passes": 1100,
    "violations": 4
  }
}