{
  "url": "https://www.californiaclosets.com/paxton/",
  "requestedUrl": "https://www.californiaclosets.com/paxton/",
  "timestamp": 1700402478759,
  "ranks": {
    "hundos": 7,
    "performance": 30,
    "accessibility": 4,
    "cumulative": 7
  },
  "lighthouse": {
    "version": "9.6.8",
    "performance": 0.55,
    "accessibility": 0.9,
    "bestPractices": 1,
    "seo": 0.89,
    "total": 334
  },
  "firstContentfulPaint": 2776.8269999999998,
  "firstMeaningfulPaint": 3281.1699999999996,
  "speedIndex": 3459.6483887344793,
  "largestContentfulPaint": 6928.209500000001,
  "totalBlockingTime": 154.49999999999955,
  "cumulativeLayoutShift": 0.321743519253201,
  "timeToInteractive": 6988.413999999999,
  "maxPotentialFirstInputDelay": 149,
  "timeToFirstByte": 6.556999999999999,
  "weight": {
    "summary": "101 requests • 2,291 KiB",
    "total": 2346326,
    "image": 1616749,
    "imageCount": 29,
    "script": 296193,
    "scriptCount": 43,
    "document": 60691,
    "font": 178761,
    "fontCount": 10,
    "stylesheet": 179158,
    "stylesheetCount": 7,
    "thirdParty": 1954595,
    "thirdPartyCount": 48
  },
  "run": {
    "number": 3,
    "total": 3
  },
  "sidequests": {
    "-weight.total": 34,
    "+weight.total": 4,
    "-weight.document": 5,
    "+weight.document": 33,
    "-weight.script": 2,
    "+weight.script": 36,
    "-weight.image": 36,
    "+weight.image": 2,
    "-weight.font": 10,
    "+weight.font": 12,
    "+weight.fontCount": 3,
    "-timeToFirstByte": 10,
    "-totalBlockingTime": 13,
    "-largestContentfulPaint": 36
  },
  "axe": {
    "passes": 1128,
    "violations": 6
  }
}