{
  "url": "https://www.californiaclosets.com/paxton/",
  "requestedUrl": "https://www.californiaclosets.com/paxton/",
  "timestamp": 1693746938361,
  "ranks": {
    "hundos": 15,
    "performance": 34,
    "accessibility": 3,
    "cumulative": 14
  },
  "lighthouse": {
    "version": "9.6.8",
    "performance": 0.46,
    "accessibility": 0.9,
    "bestPractices": 1,
    "seo": 0.89,
    "total": 325
  },
  "firstContentfulPaint": 2839.506,
  "firstMeaningfulPaint": 3496.006,
  "speedIndex": 3581.343772325562,
  "largestContentfulPaint": 6472.281999999999,
  "totalBlockingTime": 402.50000000000045,
  "cumulativeLayoutShift": 0.321743519253201,
  "timeToInteractive": 8084.161999999998,
  "maxPotentialFirstInputDelay": 222,
  "timeToFirstByte": 7.213999999999999,
  "weight": {
    "summary": "103 requests • 2,276 KiB",
    "total": 2330246,
    "image": 1616283,
    "imageCount": 29,
    "script": 310366,
    "scriptCount": 44,
    "document": 59930,
    "font": 154478,
    "fontCount": 11,
    "stylesheet": 176082,
    "stylesheetCount": 7,
    "thirdParty": 1942626,
    "thirdPartyCount": 50
  },
  "run": {
    "number": 2,
    "total": 3
  },
  "sidequests": {
    "-weight.total": 34,
    "+weight.total": 4,
    "-weight.document": 5,
    "+weight.document": 33,
    "-weight.script": 7,
    "+weight.script": 31,
    "-weight.image": 36,
    "+weight.image": 2,
    "-weight.font": 8,
    "+weight.font": 19,
    "+weight.fontCount": 3,
    "-timeToFirstByte": 19,
    "-totalBlockingTime": 18,
    "-largestContentfulPaint": 33
  },
  "axe": {
    "passes": 1159,
    "violations": 7
  }
}