{
  "url": "https://www.californiaclosets.ca/en/",
  "requestedUrl": "https://www.californiaclosets.ca/",
  "timestamp": 1702817127906,
  "ranks": {
    "hundos": 8,
    "performance": 12,
    "accessibility": 5,
    "cumulative": 6
  },
  "lighthouse": {
    "version": "9.6.8",
    "performance": 0.44,
    "accessibility": 0.93,
    "bestPractices": 0.92,
    "seo": 0.84,
    "total": 313
  },
  "firstContentfulPaint": 3483.607,
  "firstMeaningfulPaint": 4198.9765,
  "speedIndex": 6745.971466160925,
  "largestContentfulPaint": 6230.853499999999,
  "totalBlockingTime": 463,
  "cumulativeLayoutShift": 0.04106454870435926,
  "timeToInteractive": 12581.955500000004,
  "maxPotentialFirstInputDelay": 258,
  "timeToFirstByte": 1707.872,
  "weight": {
    "summary": "173 requests • 3,663 KiB",
    "total": 3750716,
    "image": 2412694,
    "imageCount": 75,
    "script": 918140,
    "scriptCount": 52,
    "document": 66030,
    "font": 221164,
    "fontCount": 11,
    "stylesheet": 114885,
    "stylesheetCount": 16,
    "thirdParty": 3419103,
    "thirdPartyCount": 128
  },
  "run": {
    "number": 2,
    "total": 3
  },
  "sidequests": {
    "-weight.total": 21,
    "+weight.total": 5,
    "-weight.document": 10,
    "+weight.document": 16,
    "-weight.script": 3,
    "+weight.script": 23,
    "-weight.image": 20,
    "+weight.image": 6,
    "-weight.font": 9,
    "+weight.font": 14,
    "+weight.fontCount": 2,
    "-timeToFirstByte": 18,
    "-totalBlockingTime": 9,
    "-largestContentfulPaint": 8
  },
  "axe": {
    "passes": 1865,
    "violations": 11
  }
}