{
  "url": "https://www.californiaclosets.ca/en/",
  "requestedUrl": "https://www.californiaclosets.ca/en/",
  "timestamp": 1689511749104,
  "ranks": {
    "hundos": 2,
    "performance": 3,
    "accessibility": 2,
    "cumulative": 2
  },
  "lighthouse": {
    "version": "9.6.8",
    "performance": 0.43,
    "accessibility": 0.93,
    "bestPractices": 0.92,
    "seo": 0.84,
    "total": 312
  },
  "firstContentfulPaint": 3213.753,
  "firstMeaningfulPaint": 3901.661,
  "speedIndex": 6141.967459647463,
  "largestContentfulPaint": 5267.897,
  "totalBlockingTime": 691.5000000000009,
  "cumulativeLayoutShift": 0.039796373791164824,
  "timeToInteractive": 12357.094500000003,
  "maxPotentialFirstInputDelay": 306,
  "timeToFirstByte": 1378.069,
  "weight": {
    "summary": "146 requests • 2,754 KiB",
    "total": 2820536,
    "image": 1259946,
    "imageCount": 46,
    "script": 1158893,
    "scriptCount": 59,
    "document": 63488,
    "font": 221336,
    "fontCount": 11,
    "stylesheet": 112456,
    "stylesheetCount": 16,
    "thirdParty": 2495038,
    "thirdPartyCount": 101
  },
  "run": {
    "number": 3,
    "total": 3
  },
  "sidequests": {
    "-weight.total": 12,
    "+weight.total": 14,
    "-weight.document": 10,
    "+weight.document": 16,
    "-weight.script": 1,
    "+weight.script": 25,
    "-weight.image": 11,
    "+weight.image": 15,
    "-weight.font": 22,
    "+weight.font": 4,
    "+weight.fontCount": 2,
    "-timeToFirstByte": 4,
    "-totalBlockingTime": 1,
    "-largestContentfulPaint": 7
  },
  "axe": {
    "passes": 1740,
    "violations": 9
  }
}