{
  "url": "https://www.californiaclosets.ca/en/",
  "requestedUrl": "https://www.californiaclosets.ca/",
  "timestamp": 1707655101471,
  "ranks": {
    "hundos": 2,
    "performance": 7,
    "accessibility": 2,
    "cumulative": 2
  },
  "lighthouse": {
    "version": "9.6.8",
    "performance": 0.48,
    "accessibility": 0.93,
    "bestPractices": 0.92,
    "seo": 0.84,
    "total": 317
  },
  "firstContentfulPaint": 3407.5005,
  "firstMeaningfulPaint": 4119.6849999999995,
  "speedIndex": 6554.424897203528,
  "largestContentfulPaint": 6063.554,
  "totalBlockingTime": 366.5000000000018,
  "cumulativeLayoutShift": 0.04106454870435926,
  "timeToInteractive": 12940.807000000004,
  "maxPotentialFirstInputDelay": 259,
  "timeToFirstByte": 1263.186,
  "weight": {
    "summary": "174 requests • 3,648 KiB",
    "total": 3735140,
    "image": 2432456,
    "imageCount": 77,
    "script": 881582,
    "scriptCount": 52,
    "document": 66932,
    "font": 221254,
    "fontCount": 11,
    "stylesheet": 115354,
    "stylesheetCount": 16,
    "thirdParty": 3400721,
    "thirdPartyCount": 129
  },
  "run": {
    "number": 3,
    "total": 3
  },
  "sidequests": {
    "-weight.total": 21,
    "+weight.total": 5,
    "-weight.document": 10,
    "+weight.document": 16,
    "-weight.script": 2,
    "+weight.script": 24,
    "-weight.image": 20,
    "+weight.image": 6,
    "-weight.font": 11,
    "+weight.font": 15,
    "+weight.fontCount": 2,
    "-timeToFirstByte": 2,
    "-totalBlockingTime": 4,
    "-largestContentfulPaint": 8
  },
  "axe": {
    "passes": 1866,
    "violations": 11
  }
}