{
  "url": "https://www.californiaclosets.ca/en/",
  "requestedUrl": "https://www.californiaclosets.ca/en/",
  "timestamp": 1692535525992,
  "ranks": {
    "hundos": 2,
    "performance": 2,
    "accessibility": 2,
    "cumulative": 2
  },
  "lighthouse": {
    "version": "9.6.8",
    "performance": 0.4,
    "accessibility": 0.93,
    "bestPractices": 0.92,
    "seo": 0.84,
    "total": 309
  },
  "firstContentfulPaint": 3292.6459999999993,
  "firstMeaningfulPaint": 4032.5734999999986,
  "speedIndex": 4616.908777315977,
  "largestContentfulPaint": 5310.380499999999,
  "totalBlockingTime": 1095.500000000001,
  "cumulativeLayoutShift": 0.039796373791164824,
  "timeToInteractive": 12543.424499999997,
  "maxPotentialFirstInputDelay": 356,
  "timeToFirstByte": 11.969999999999999,
  "weight": {
    "summary": "146 requests • 2,817 KiB",
    "total": 2884916,
    "image": 1485676,
    "imageCount": 45,
    "script": 994420,
    "scriptCount": 60,
    "document": 64844,
    "font": 221205,
    "fontCount": 11,
    "stylesheet": 114179,
    "stylesheetCount": 17,
    "thirdParty": 2545606,
    "thirdPartyCount": 97
  },
  "run": {
    "number": 3,
    "total": 3
  },
  "sidequests": {
    "-weight.total": 17,
    "+weight.total": 9,
    "-weight.document": 12,
    "+weight.document": 14,
    "-weight.script": 24,
    "+weight.script": 2,
    "-weight.image": 18,
    "+weight.image": 8,
    "-weight.font": 13,
    "+weight.font": 12,
    "+weight.fontCount": 2,
    "-timeToFirstByte": 1,
    "-totalBlockingTime": 15,
    "-largestContentfulPaint": 7
  },
  "axe": {
    "passes": 1768,
    "violations": 9
  }
}