{
  "url": "https://www.californiaclosets.ca/en/",
  "requestedUrl": "https://www.californiaclosets.ca/",
  "timestamp": 1694954742927,
  "ranks": {
    "hundos": 3,
    "performance": 4,
    "accessibility": 2,
    "cumulative": 3
  },
  "lighthouse": {
    "version": "9.6.8",
    "performance": 0.47,
    "accessibility": 0.93,
    "bestPractices": 0.92,
    "seo": 0.84,
    "total": 316
  },
  "firstContentfulPaint": 3107.0489999999995,
  "firstMeaningfulPaint": 3807.564,
  "speedIndex": 4036.407623586263,
  "largestContentfulPaint": 5086.460000000001,
  "totalBlockingTime": 742,
  "cumulativeLayoutShift": 0.039796373791164824,
  "timeToInteractive": 12224.630999999998,
  "maxPotentialFirstInputDelay": 383,
  "timeToFirstByte": 47.946,
  "weight": {
    "summary": "128 requests • 2,504 KiB",
    "total": 2563711,
    "image": 1485440,
    "imageCount": 43,
    "script": 672260,
    "scriptCount": 46,
    "document": 64286,
    "font": 221512,
    "fontCount": 11,
    "stylesheet": 115111,
    "stylesheetCount": 17,
    "thirdParty": 2222005,
    "thirdPartyCount": 78
  },
  "run": {
    "number": 3,
    "total": 3
  },
  "sidequests": {
    "-weight.total": 16,
    "+weight.total": 10,
    "-weight.document": 10,
    "+weight.document": 16,
    "-weight.script": 22,
    "+weight.script": 4,
    "-weight.image": 16,
    "+weight.image": 10,
    "-weight.font": 22,
    "+weight.font": 2,
    "+weight.fontCount": 2,
    "-timeToFirstByte": 2,
    "-totalBlockingTime": 5,
    "-largestContentfulPaint": 7
  },
  "axe": {
    "passes": 1648,
    "violations": 9
  }
}