{
  "url": "https://www.californiaclosets.ca/en/",
  "requestedUrl": "https://www.californiaclosets.ca/",
  "timestamp": 1701003910388,
  "ranks": {
    "hundos": 5,
    "performance": 10,
    "accessibility": 2,
    "cumulative": 5
  },
  "lighthouse": {
    "version": "9.6.8",
    "performance": 0.46,
    "accessibility": 0.86,
    "bestPractices": 0.92,
    "seo": 0.84,
    "total": 308
  },
  "firstContentfulPaint": 3249.327,
  "firstMeaningfulPaint": 4085.27,
  "speedIndex": 6670.61897134031,
  "largestContentfulPaint": 6183.023999999999,
  "totalBlockingTime": 324,
  "cumulativeLayoutShift": 0.15018179914686416,
  "timeToInteractive": 13127.870000000003,
  "maxPotentialFirstInputDelay": 235,
  "timeToFirstByte": 1413.02,
  "weight": {
    "summary": "146 requests • 3,796 KiB",
    "total": 3887061,
    "image": 2548431,
    "imageCount": 46,
    "script": 918004,
    "scriptCount": 53,
    "document": 65734,
    "font": 221403,
    "fontCount": 11,
    "stylesheet": 115803,
    "stylesheetCount": 17,
    "thirdParty": 3554601,
    "thirdPartyCount": 99
  },
  "run": {
    "number": 3,
    "total": 3
  },
  "sidequests": {
    "-weight.total": 21,
    "+weight.total": 5,
    "-weight.document": 10,
    "+weight.document": 16,
    "-weight.script": 2,
    "+weight.script": 24,
    "-weight.image": 21,
    "+weight.image": 5,
    "-weight.font": 21,
    "+weight.font": 4,
    "+weight.fontCount": 2,
    "-timeToFirstByte": 6,
    "-totalBlockingTime": 1,
    "-largestContentfulPaint": 7
  },
  "axe": {
    "passes": 1797,
    "violations": 11
  }
}