{
  "url": "https://www.californiaclosets.ca/en/",
  "requestedUrl": "https://www.californiaclosets.ca/",
  "timestamp": 1694348437527,
  "ranks": {
    "hundos": 3,
    "performance": 4,
    "accessibility": 2,
    "cumulative": 3
  },
  "lighthouse": {
    "version": "9.6.8",
    "performance": 0.43,
    "accessibility": 0.93,
    "bestPractices": 0.92,
    "seo": 0.84,
    "total": 312
  },
  "firstContentfulPaint": 2961.9570000000003,
  "firstMeaningfulPaint": 3846.0535,
  "speedIndex": 4909.0135310652595,
  "largestContentfulPaint": 4912.807000000001,
  "totalBlockingTime": 1054.500000000001,
  "cumulativeLayoutShift": 0.039796373791164824,
  "timeToInteractive": 11386.607,
  "maxPotentialFirstInputDelay": 444.0000000000009,
  "timeToFirstByte": 4.899,
  "weight": {
    "summary": "131 requests • 2,507 KiB",
    "total": 2567446,
    "image": 1485662,
    "imageCount": 44,
    "script": 676611,
    "scriptCount": 46,
    "document": 64232,
    "font": 221426,
    "fontCount": 11,
    "stylesheet": 114284,
    "stylesheetCount": 17,
    "thirdParty": 2228237,
    "thirdPartyCount": 81
  },
  "run": {
    "number": 1,
    "total": 3
  },
  "sidequests": {
    "-weight.total": 17,
    "+weight.total": 9,
    "-weight.document": 10,
    "+weight.document": 16,
    "-weight.script": 22,
    "+weight.script": 3,
    "-weight.image": 17,
    "+weight.image": 9,
    "-weight.font": 23,
    "+weight.font": 3,
    "+weight.fontCount": 2,
    "-timeToFirstByte": 1,
    "-totalBlockingTime": 2,
    "-largestContentfulPaint": 7
  },
  "axe": {
    "passes": 1481,
    "violations": 9
  }
}