{
  "url": "https://www.californiaclosets.ca/en/",
  "requestedUrl": "https://www.californiaclosets.ca/",
  "timestamp": 1690115656031,
  "ranks": {
    "hundos": 2,
    "performance": 3,
    "accessibility": 2,
    "cumulative": 2
  },
  "lighthouse": {
    "version": "9.6.8",
    "performance": 0.43,
    "accessibility": 0.93,
    "bestPractices": 0.92,
    "seo": 0.84,
    "total": 312
  },
  "firstContentfulPaint": 3237.427,
  "firstMeaningfulPaint": 4130.796,
  "speedIndex": 4123.946937514953,
  "largestContentfulPaint": 5194.803,
  "totalBlockingTime": 931.9999999999991,
  "cumulativeLayoutShift": 0.039796373791164824,
  "timeToInteractive": 13165.030999999999,
  "maxPotentialFirstInputDelay": 375,
  "timeToFirstByte": 4.857,
  "weight": {
    "summary": "152 requests • 2,825 KiB",
    "total": 2893089,
    "image": 1259952,
    "imageCount": 46,
    "script": 1230460,
    "scriptCount": 62,
    "document": 63742,
    "font": 221306,
    "fontCount": 11,
    "stylesheet": 112393,
    "stylesheetCount": 17,
    "thirdParty": 2556425,
    "thirdPartyCount": 102
  },
  "run": {
    "number": 2,
    "total": 3
  },
  "sidequests": {
    "-weight.total": 13,
    "+weight.total": 13,
    "-weight.document": 10,
    "+weight.document": 16,
    "-weight.script": 23,
    "+weight.script": 3,
    "-weight.image": 11,
    "+weight.image": 15,
    "-weight.font": 19,
    "+weight.font": 5,
    "+weight.fontCount": 2,
    "-timeToFirstByte": 1,
    "-totalBlockingTime": 4,
    "-largestContentfulPaint": 8
  },
  "axe": {
    "passes": 1741,
    "violations": 9
  }
}