{
  "url": "https://www.californiaclosets.ca/en/",
  "requestedUrl": "https://www.californiaclosets.ca/",
  "timestamp": 1691325978460,
  "ranks": {
    "hundos": 2,
    "performance": 4,
    "accessibility": 2,
    "cumulative": 2
  },
  "lighthouse": {
    "version": "9.6.8",
    "performance": 0.41,
    "accessibility": 0.93,
    "bestPractices": 0.92,
    "seo": 0.84,
    "total": 310
  },
  "firstContentfulPaint": 3385.7900000000004,
  "firstMeaningfulPaint": 5290.155999999999,
  "speedIndex": 5319.1206813451545,
  "largestContentfulPaint": 5431.335,
  "totalBlockingTime": 874,
  "cumulativeLayoutShift": 0.039796373791164824,
  "timeToInteractive": 12904.615500000002,
  "maxPotentialFirstInputDelay": 340,
  "timeToFirstByte": 89.02699999999999,
  "weight": {
    "summary": "153 requests • 3,015 KiB",
    "total": 3086866,
    "image": 1485788,
    "imageCount": 47,
    "script": 1195713,
    "scriptCount": 62,
    "document": 64398,
    "font": 221427,
    "fontCount": 11,
    "stylesheet": 114201,
    "stylesheetCount": 17,
    "thirdParty": 2747135,
    "thirdPartyCount": 103
  },
  "run": {
    "number": 3,
    "total": 3
  },
  "sidequests": {
    "-weight.total": 18,
    "+weight.total": 8,
    "-weight.document": 10,
    "+weight.document": 16,
    "-weight.script": 23,
    "+weight.script": 3,
    "-weight.image": 17,
    "+weight.image": 9,
    "-weight.font": 23,
    "+weight.font": 2,
    "+weight.fontCount": 2,
    "-timeToFirstByte": 3,
    "-totalBlockingTime": 5,
    "-largestContentfulPaint": 6
  },
  "axe": {
    "passes": 1770,
    "violations": 9
  }
}