{
  "url": "https://www.californiaclosets.ca/en/",
  "requestedUrl": "https://www.californiaclosets.ca/",
  "timestamp": 1703422122603,
  "ranks": {
    "hundos": 3,
    "performance": 7,
    "accessibility": 2,
    "cumulative": 3
  },
  "lighthouse": {
    "version": "9.6.8",
    "performance": 0.49,
    "accessibility": 0.93,
    "bestPractices": 0.92,
    "seo": 0.84,
    "total": 318
  },
  "firstContentfulPaint": 3454.499,
  "firstMeaningfulPaint": 4207.942499999999,
  "speedIndex": 6751.4590192661235,
  "largestContentfulPaint": 6058.689,
  "totalBlockingTime": 330.9999999999991,
  "cumulativeLayoutShift": 0.04106454870435926,
  "timeToInteractive": 12322.611,
  "maxPotentialFirstInputDelay": 236,
  "timeToFirstByte": 1359.9969999999998,
  "weight": {
    "summary": "173 requests • 3,666 KiB",
    "total": 3754395,
    "image": 2415800,
    "imageCount": 75,
    "script": 917974,
    "scriptCount": 52,
    "document": 66175,
    "font": 221442,
    "fontCount": 11,
    "stylesheet": 115187,
    "stylesheetCount": 16,
    "thirdParty": 3422597,
    "thirdPartyCount": 128
  },
  "run": {
    "number": 2,
    "total": 3
  },
  "sidequests": {
    "-weight.total": 21,
    "+weight.total": 5,
    "-weight.document": 10,
    "+weight.document": 16,
    "-weight.script": 1,
    "+weight.script": 25,
    "-weight.image": 21,
    "+weight.image": 5,
    "-weight.font": 23,
    "+weight.font": 3,
    "+weight.fontCount": 2,
    "-timeToFirstByte": 5,
    "-totalBlockingTime": 4,
    "-largestContentfulPaint": 8
  },
  "axe": {
    "passes": 1864,
    "violations": 11
  }
}