{
  "url": "https://www.californiaclosets.ca/en/",
  "requestedUrl": "https://www.californiaclosets.ca/en/",
  "timestamp": 1701607067731,
  "ranks": {
    "hundos": 6,
    "performance": 8,
    "accessibility": 2,
    "cumulative": 6
  },
  "lighthouse": {
    "version": "9.6.8",
    "performance": 0.47,
    "accessibility": 0.86,
    "bestPractices": 0.92,
    "seo": 0.84,
    "total": 309
  },
  "firstContentfulPaint": 3226.5785,
  "firstMeaningfulPaint": 4043.8399999999992,
  "speedIndex": 5507.517843903232,
  "largestContentfulPaint": 6136.814999999999,
  "totalBlockingTime": 357.99999999999955,
  "cumulativeLayoutShift": 0.14284687444898816,
  "timeToInteractive": 12650.237000000003,
  "maxPotentialFirstInputDelay": 230,
  "timeToFirstByte": 1485.631,
  "weight": {
    "summary": "144 requests • 3,796 KiB",
    "total": 3886926,
    "image": 2548471,
    "imageCount": 46,
    "script": 918491,
    "scriptCount": 53,
    "document": 66176,
    "font": 221376,
    "fontCount": 11,
    "stylesheet": 115714,
    "stylesheetCount": 17,
    "thirdParty": 3554596,
    "thirdPartyCount": 98
  },
  "run": {
    "number": 2,
    "total": 3
  },
  "sidequests": {
    "-weight.total": 20,
    "+weight.total": 6,
    "-weight.document": 12,
    "+weight.document": 14,
    "-weight.script": 3,
    "+weight.script": 23,
    "-weight.image": 21,
    "+weight.image": 5,
    "-weight.font": 22,
    "+weight.font": 4,
    "+weight.fontCount": 2,
    "-timeToFirstByte": 4,
    "-totalBlockingTime": 4,
    "-largestContentfulPaint": 7
  },
  "axe": {
    "passes": 1796,
    "violations": 11
  }
}