{
  "url": "https://www.californiaclosets.ca/en/",
  "requestedUrl": "https://www.californiaclosets.ca/",
  "timestamp": 1700399023287,
  "ranks": {
    "hundos": 1,
    "performance": 3,
    "accessibility": 6,
    "cumulative": 2
  },
  "lighthouse": {
    "version": "9.6.8",
    "performance": 0.52,
    "accessibility": 0.86,
    "bestPractices": 0.92,
    "seo": 0.84,
    "total": 314
  },
  "firstContentfulPaint": 3158.2745,
  "firstMeaningfulPaint": 4118.969999999999,
  "speedIndex": 6260.692345451953,
  "largestContentfulPaint": 6144.6695,
  "totalBlockingTime": 289.4999999999991,
  "cumulativeLayoutShift": 0.04106454870435926,
  "timeToInteractive": 13380.703000000001,
  "maxPotentialFirstInputDelay": 240.99999999999818,
  "timeToFirstByte": 1299.372,
  "weight": {
    "summary": "146 requests • 3,795 KiB",
    "total": 3885690,
    "image": 2548254,
    "imageCount": 46,
    "script": 916370,
    "scriptCount": 53,
    "document": 65848,
    "font": 221468,
    "fontCount": 11,
    "stylesheet": 115863,
    "stylesheetCount": 17,
    "thirdParty": 3552892,
    "thirdPartyCount": 99
  },
  "run": {
    "number": 3,
    "total": 3
  },
  "sidequests": {
    "-weight.total": 20,
    "+weight.total": 6,
    "-weight.document": 10,
    "+weight.document": 16,
    "-weight.script": 1,
    "+weight.script": 25,
    "-weight.image": 20,
    "+weight.image": 6,
    "-weight.font": 23,
    "+weight.font": 3,
    "+weight.fontCount": 2,
    "-timeToFirstByte": 3,
    "-totalBlockingTime": 1,
    "-largestContentfulPaint": 10
  },
  "axe": {
    "error": "{\"name\":\"TimeoutError\"}"
  }
}