{
  "url": "https://www.californiaclosets.ca/en/",
  "requestedUrl": "https://www.californiaclosets.ca/",
  "timestamp": 1699186900633,
  "ranks": {
    "hundos": 11,
    "performance": 19,
    "accessibility": 2,
    "cumulative": 11
  },
  "lighthouse": {
    "version": "9.6.8",
    "performance": 0.46,
    "accessibility": 0.86,
    "bestPractices": 0.92,
    "seo": 0.83,
    "total": 307
  },
  "firstContentfulPaint": 3403.3999999999987,
  "firstMeaningfulPaint": 4204.525999999999,
  "speedIndex": 6698.0349828028075,
  "largestContentfulPaint": 6081.640000000001,
  "totalBlockingTime": 313.5,
  "cumulativeLayoutShift": 0.14240421507093642,
  "timeToInteractive": 13220.149999999998,
  "maxPotentialFirstInputDelay": 296,
  "timeToFirstByte": 1389.508,
  "weight": {
    "summary": "140 requests • 2,749 KiB",
    "total": 2815244,
    "image": 1613001,
    "imageCount": 40,
    "script": 783420,
    "scriptCount": 49,
    "document": 65148,
    "font": 221437,
    "fontCount": 11,
    "stylesheet": 115777,
    "stylesheetCount": 17,
    "thirdParty": 2472178,
    "thirdPartyCount": 90
  },
  "run": {
    "number": 1,
    "total": 3
  },
  "sidequests": {
    "-weight.total": 10,
    "+weight.total": 16,
    "-weight.document": 10,
    "+weight.document": 16,
    "-weight.script": 24,
    "+weight.script": 2,
    "-weight.image": 9,
    "+weight.image": 17,
    "-weight.font": 23,
    "+weight.font": 2,
    "+weight.fontCount": 2,
    "-timeToFirstByte": 5,
    "-totalBlockingTime": 7,
    "-largestContentfulPaint": 8
  },
  "axe": {
    "passes": 1654,
    "violations": 9
  }
}