{
  "url": "https://www.californiaclosets.ca/en/",
  "requestedUrl": "https://www.californiaclosets.ca/",
  "timestamp": 1693138828517,
  "ranks": {
    "hundos": 3,
    "performance": 6,
    "accessibility": 2,
    "cumulative": 3
  },
  "lighthouse": {
    "version": "9.6.8",
    "performance": 0.48,
    "accessibility": 0.93,
    "bestPractices": 0.92,
    "seo": 0.84,
    "total": 317
  },
  "firstContentfulPaint": 2936.2479999999996,
  "firstMeaningfulPaint": 3813.975,
  "speedIndex": 6389.1973583163945,
  "largestContentfulPaint": 4879.921,
  "totalBlockingTime": 597.5000000000009,
  "cumulativeLayoutShift": 0.039796373791164824,
  "timeToInteractive": 10958.822999999997,
  "maxPotentialFirstInputDelay": 296,
  "timeToFirstByte": 20.592,
  "weight": {
    "summary": "137 requests • 2,591 KiB",
    "total": 2653205,
    "image": 1485748,
    "imageCount": 46,
    "script": 762313,
    "scriptCount": 49,
    "document": 64316,
    "font": 221422,
    "fontCount": 11,
    "stylesheet": 114114,
    "stylesheetCount": 17,
    "thirdParty": 2314324,
    "thirdPartyCount": 87
  },
  "run": {
    "number": 1,
    "total": 3
  },
  "sidequests": {
    "-weight.total": 17,
    "+weight.total": 9,
    "-weight.document": 10,
    "+weight.document": 16,
    "-weight.script": 22,
    "+weight.script": 4,
    "-weight.image": 17,
    "+weight.image": 9,
    "-weight.font": 24,
    "+weight.font": 2,
    "+weight.fontCount": 2,
    "-timeToFirstByte": 1,
    "-totalBlockingTime": 3,
    "-largestContentfulPaint": 7
  },
  "axe": {
    "passes": 1767,
    "violations": 9
  }
}