{
  "url": "https://www.californiaclosets.ca/en/",
  "requestedUrl": "https://www.californiaclosets.ca/en/",
  "timestamp": 1695558116997,
  "ranks": {
    "hundos": 2,
    "performance": 2,
    "accessibility": 2,
    "cumulative": 2
  },
  "lighthouse": {
    "version": "9.6.8",
    "performance": 0.49,
    "accessibility": 0.93,
    "bestPractices": 0.92,
    "seo": 0.83,
    "total": 317
  },
  "firstContentfulPaint": 3110.5240000000003,
  "firstMeaningfulPaint": 3855.811,
  "speedIndex": 3652.6020040128333,
  "largestContentfulPaint": 5004.710000000001,
  "totalBlockingTime": 730.5000000000009,
  "cumulativeLayoutShift": 0.039796373791164824,
  "timeToInteractive": 11564.24,
  "maxPotentialFirstInputDelay": 307,
  "timeToFirstByte": 5.111999999999998,
  "weight": {
    "summary": "127 requests • 2,503 KiB",
    "total": 2563022,
    "image": 1485418,
    "imageCount": 43,
    "script": 673798,
    "scriptCount": 46,
    "document": 64581,
    "font": 221187,
    "fontCount": 11,
    "stylesheet": 113798,
    "stylesheetCount": 17,
    "thirdParty": 2224582,
    "thirdPartyCount": 78
  },
  "run": {
    "number": 1,
    "total": 3
  },
  "sidequests": {
    "-weight.total": 16,
    "+weight.total": 10,
    "-weight.document": 11,
    "+weight.document": 15,
    "-weight.script": 22,
    "+weight.script": 4,
    "-weight.image": 16,
    "+weight.image": 10,
    "-weight.font": 14,
    "+weight.font": 12,
    "+weight.fontCount": 2,
    "-timeToFirstByte": 2,
    "-totalBlockingTime": 6,
    "-largestContentfulPaint": 6
  },
  "axe": {
    "passes": 1481,
    "violations": 9
  }
}