{
  "url": "https://www.californiaclosets.ca/en/",
  "requestedUrl": "https://www.californiaclosets.ca/",
  "timestamp": 1708259376191,
  "ranks": {
    "hundos": 2,
    "performance": 9,
    "accessibility": 2,
    "cumulative": 2
  },
  "lighthouse": {
    "version": "9.6.8",
    "performance": 0.48,
    "accessibility": 0.93,
    "bestPractices": 0.92,
    "seo": 0.84,
    "total": 317
  },
  "firstContentfulPaint": 3402.2015,
  "firstMeaningfulPaint": 4125.2865,
  "speedIndex": 6837.110514692567,
  "largestContentfulPaint": 6531.070999999998,
  "totalBlockingTime": 338.0000000000009,
  "cumulativeLayoutShift": 0.04106454870435926,
  "timeToInteractive": 12496.686500000005,
  "maxPotentialFirstInputDelay": 228,
  "timeToFirstByte": 1614.677,
  "weight": {
    "summary": "174 requests • 3,650 KiB",
    "total": 3737969,
    "image": 2432462,
    "imageCount": 77,
    "script": 884244,
    "scriptCount": 52,
    "document": 67010,
    "font": 221271,
    "fontCount": 11,
    "stylesheet": 115356,
    "stylesheetCount": 16,
    "thirdParty": 3403450,
    "thirdPartyCount": 129
  },
  "run": {
    "number": 2,
    "total": 3
  },
  "sidequests": {
    "-weight.total": 21,
    "+weight.total": 5,
    "-weight.document": 11,
    "+weight.document": 15,
    "-weight.script": 3,
    "+weight.script": 23,
    "-weight.image": 20,
    "+weight.image": 6,
    "-weight.font": 14,
    "+weight.font": 12,
    "+weight.fontCount": 2,
    "-timeToFirstByte": 11,
    "-totalBlockingTime": 4,
    "-largestContentfulPaint": 10
  },
  "axe": {
    "passes": 1866,
    "violations": 11
  }
}