{
  "url": "https://www.californiaclosets.ca/en/",
  "requestedUrl": "https://www.californiaclosets.ca/",
  "timestamp": 1706445186138,
  "ranks": {
    "hundos": 2,
    "performance": 3,
    "accessibility": 2,
    "cumulative": 2
  },
  "lighthouse": {
    "version": "9.6.8",
    "performance": 0.5,
    "accessibility": 0.93,
    "bestPractices": 0.92,
    "seo": 0.84,
    "total": 319
  },
  "firstContentfulPaint": 3400.5389999999993,
  "firstMeaningfulPaint": 4125.1855,
  "speedIndex": 6519.796300464941,
  "largestContentfulPaint": 5848.2915,
  "totalBlockingTime": 327.5000000000009,
  "cumulativeLayoutShift": 0.04106454870435926,
  "timeToInteractive": 12439.974,
  "maxPotentialFirstInputDelay": 255.0000000000009,
  "timeToFirstByte": 1309.7169999999999,
  "weight": {
    "summary": "175 requests • 3,640 KiB",
    "total": 3727477,
    "image": 2432988,
    "imageCount": 77,
    "script": 873188,
    "scriptCount": 52,
    "document": 66879,
    "font": 221167,
    "fontCount": 11,
    "stylesheet": 115344,
    "stylesheetCount": 16,
    "thirdParty": 3394872,
    "thirdPartyCount": 130
  },
  "run": {
    "number": 2,
    "total": 3
  },
  "sidequests": {
    "-weight.total": 21,
    "+weight.total": 5,
    "-weight.document": 10,
    "+weight.document": 16,
    "-weight.script": 2,
    "+weight.script": 24,
    "-weight.image": 21,
    "+weight.image": 5,
    "-weight.font": 10,
    "+weight.font": 16,
    "+weight.fontCount": 2,
    "-timeToFirstByte": 4,
    "-totalBlockingTime": 2,
    "-largestContentfulPaint": 8
  },
  "axe": {
    "passes": 1865,
    "violations": 11
  }
}