{
  "url": "https://www.californiaclosets.ca/en/",
  "requestedUrl": "https://www.californiaclosets.ca/",
  "timestamp": 1691929204107,
  "ranks": {
    "hundos": 2,
    "performance": 3,
    "accessibility": 2,
    "cumulative": 2
  },
  "lighthouse": {
    "version": "9.6.8",
    "performance": 0.42,
    "accessibility": 0.93,
    "bestPractices": 0.92,
    "seo": 0.84,
    "total": 311
  },
  "firstContentfulPaint": 3398.159999999999,
  "firstMeaningfulPaint": 3979.0509999999995,
  "speedIndex": 4351.059701053251,
  "largestContentfulPaint": 5702.388000000001,
  "totalBlockingTime": 813.4999999999991,
  "cumulativeLayoutShift": 0.039796373791164824,
  "timeToInteractive": 12962.998499999998,
  "maxPotentialFirstInputDelay": 347,
  "timeToFirstByte": 57.144,
  "weight": {
    "summary": "153 requests • 3,014 KiB",
    "total": 3086670,
    "image": 1485887,
    "imageCount": 47,
    "script": 1195894,
    "scriptCount": 62,
    "document": 64474,
    "font": 221386,
    "fontCount": 11,
    "stylesheet": 113871,
    "stylesheetCount": 17,
    "thirdParty": 2747635,
    "thirdPartyCount": 103
  },
  "run": {
    "number": 1,
    "total": 3
  },
  "sidequests": {
    "-weight.total": 17,
    "+weight.total": 9,
    "-weight.document": 10,
    "+weight.document": 16,
    "-weight.script": 23,
    "+weight.script": 3,
    "-weight.image": 17,
    "+weight.image": 9,
    "-weight.font": 24,
    "+weight.font": 2,
    "+weight.fontCount": 2,
    "-timeToFirstByte": 2,
    "-totalBlockingTime": 3,
    "-largestContentfulPaint": 8
  },
  "axe": {
    "passes": 1767,
    "violations": 9
  }
}