{
  "url": "https://www.californiaclosets.ca/en/",
  "requestedUrl": "https://www.californiaclosets.ca/",
  "timestamp": 1711283949280,
  "ranks": {
    "hundos": 2,
    "performance": 5,
    "accessibility": 2,
    "cumulative": 2
  },
  "lighthouse": {
    "version": "9.6.8",
    "performance": 0.44,
    "accessibility": 0.93,
    "bestPractices": 0.92,
    "seo": 0.84,
    "total": 313
  },
  "firstContentfulPaint": 3405.784,
  "firstMeaningfulPaint": 4270.166499999999,
  "speedIndex": 6700.496192815828,
  "largestContentfulPaint": 5666.996999999999,
  "totalBlockingTime": 532,
  "cumulativeLayoutShift": 0.04106454870435926,
  "timeToInteractive": 15678.867499999995,
  "maxPotentialFirstInputDelay": 261,
  "timeToFirstByte": 1429.103,
  "weight": {
    "summary": "177 requests • 3,906 KiB",
    "total": 3999844,
    "image": 2432581,
    "imageCount": 77,
    "script": 1146309,
    "scriptCount": 55,
    "document": 67581,
    "font": 221366,
    "fontCount": 11,
    "stylesheet": 114844,
    "stylesheetCount": 16,
    "thirdParty": 3666775,
    "thirdPartyCount": 132
  },
  "run": {
    "number": 3,
    "total": 3
  },
  "sidequests": {
    "-weight.total": 21,
    "+weight.total": 5,
    "-weight.document": 9,
    "+weight.document": 16,
    "-weight.script": 2,
    "+weight.script": 24,
    "-weight.image": 21,
    "+weight.image": 5,
    "-weight.font": 18,
    "+weight.font": 5,
    "+weight.fontCount": 2,
    "-timeToFirstByte": 9,
    "-totalBlockingTime": 3,
    "-largestContentfulPaint": 6
  },
  "axe": {
    "passes": 1866,
    "violations": 11
  }
}