{
  "url": "https://www.californiaclosets.ca/en/",
  "requestedUrl": "https://www.californiaclosets.ca/en/",
  "timestamp": 1688905579926,
  "ranks": {
    "hundos": 4,
    "performance": 7,
    "accessibility": 2,
    "cumulative": 4
  },
  "lighthouse": {
    "version": "9.6.8",
    "performance": 0.43,
    "accessibility": 0.93,
    "bestPractices": 0.92,
    "seo": 0.84,
    "total": 312
  },
  "firstContentfulPaint": 3188.1140000000005,
  "firstMeaningfulPaint": 4996.766,
  "speedIndex": 5314.023412972966,
  "largestContentfulPaint": 5982.737999999999,
  "totalBlockingTime": 696.9999999999995,
  "cumulativeLayoutShift": 0.039796373791164824,
  "timeToInteractive": 12492.766000000001,
  "maxPotentialFirstInputDelay": 312,
  "timeToFirstByte": 1235.016,
  "weight": {
    "summary": "148 requests • 2,768 KiB",
    "total": 2834891,
    "image": 1275498,
    "imageCount": 48,
    "script": 1158375,
    "scriptCount": 59,
    "document": 63453,
    "font": 221000,
    "fontCount": 11,
    "stylesheet": 112283,
    "stylesheetCount": 16,
    "thirdParty": 2501960,
    "thirdPartyCount": 102
  },
  "run": {
    "number": 1,
    "total": 3
  },
  "sidequests": {
    "-weight.total": 12,
    "+weight.total": 14,
    "-weight.document": 10,
    "+weight.document": 16,
    "-weight.script": 1,
    "+weight.script": 25,
    "-weight.image": 11,
    "+weight.image": 15,
    "-weight.font": 10,
    "+weight.font": 14,
    "+weight.fontCount": 2,
    "-timeToFirstByte": 3,
    "-totalBlockingTime": 7,
    "-largestContentfulPaint": 7
  },
  "axe": {
    "passes": 1733,
    "violations": 9
  }
}