{
  "url": "https://www.californiaclosets.ca/en/",
  "requestedUrl": "https://www.californiaclosets.ca/en/",
  "timestamp": 1705234970907,
  "ranks": {
    "hundos": 2,
    "performance": 6,
    "accessibility": 2,
    "cumulative": 2
  },
  "lighthouse": {
    "version": "9.6.8",
    "performance": 0.49,
    "accessibility": 0.93,
    "bestPractices": 0.92,
    "seo": 0.84,
    "total": 318
  },
  "firstContentfulPaint": 3197.2774999999997,
  "firstMeaningfulPaint": 3983.977999999999,
  "speedIndex": 5434.055997959168,
  "largestContentfulPaint": 5833.2795,
  "totalBlockingTime": 434.5,
  "cumulativeLayoutShift": 0.039796373791164824,
  "timeToInteractive": 11981.9285,
  "maxPotentialFirstInputDelay": 265.9999999999982,
  "timeToFirstByte": 1481.096,
  "weight": {
    "summary": "173 requests • 3,694 KiB",
    "total": 3782457,
    "image": 2437843,
    "imageCount": 77,
    "script": 924313,
    "scriptCount": 52,
    "document": 67076,
    "font": 221223,
    "fontCount": 11,
    "stylesheet": 115247,
    "stylesheetCount": 16,
    "thirdParty": 3450389,
    "thirdPartyCount": 129
  },
  "run": {
    "number": 1,
    "total": 3
  },
  "sidequests": {
    "-weight.total": 20,
    "+weight.total": 6,
    "-weight.document": 11,
    "+weight.document": 15,
    "-weight.script": 1,
    "+weight.script": 25,
    "-weight.image": 21,
    "+weight.image": 5,
    "-weight.font": 17,
    "+weight.font": 9,
    "+weight.fontCount": 2,
    "-timeToFirstByte": 8,
    "-totalBlockingTime": 7,
    "-largestContentfulPaint": 7
  },
  "axe": {
    "passes": 1865,
    "violations": 11
  }
}