{
  "url": "https://www.californiaclosets.ca/en/",
  "requestedUrl": "https://www.californiaclosets.ca/",
  "timestamp": 1705840403814,
  "ranks": {
    "hundos": 2,
    "performance": 5,
    "accessibility": 2,
    "cumulative": 2
  },
  "lighthouse": {
    "version": "9.6.8",
    "performance": 0.5,
    "accessibility": 0.93,
    "bestPractices": 0.92,
    "seo": 0.84,
    "total": 319
  },
  "firstContentfulPaint": 3407.403,
  "firstMeaningfulPaint": 4118.9475,
  "speedIndex": 6006.931825618129,
  "largestContentfulPaint": 6142.119500000001,
  "totalBlockingTime": 329.5000000000009,
  "cumulativeLayoutShift": 0.04106454870435926,
  "timeToInteractive": 12531.513999999997,
  "maxPotentialFirstInputDelay": 245,
  "timeToFirstByte": 1275.198,
  "weight": {
    "summary": "174 requests • 3,691 KiB",
    "total": 3779187,
    "image": 2431982,
    "imageCount": 77,
    "script": 926299,
    "scriptCount": 52,
    "document": 66791,
    "font": 221308,
    "fontCount": 11,
    "stylesheet": 115284,
    "stylesheetCount": 16,
    "thirdParty": 3446258,
    "thirdPartyCount": 129
  },
  "run": {
    "number": 2,
    "total": 3
  },
  "sidequests": {
    "-weight.total": 21,
    "+weight.total": 5,
    "-weight.document": 10,
    "+weight.document": 16,
    "-weight.script": 2,
    "+weight.script": 24,
    "-weight.image": 21,
    "+weight.image": 5,
    "-weight.font": 17,
    "+weight.font": 5,
    "+weight.fontCount": 2,
    "-timeToFirstByte": 2,
    "-totalBlockingTime": 1,
    "-largestContentfulPaint": 8
  },
  "axe": {
    "passes": 1868,
    "violations": 11
  }
}