{
  "url": "https://www.californiaclosets.ca/en/bedroom/custom-closets/finishes/",
  "requestedUrl": "https://www.californiaclosets.ca/en/bedroom/custom-closets/finishes/",
  "timestamp": 1703423982370,
  "ranks": {
    "hundos": 23,
    "performance": 5,
    "accessibility": 24,
    "cumulative": 23
  },
  "lighthouse": {
    "version": "9.6.8",
    "performance": 0.49,
    "accessibility": 0.81,
    "bestPractices": 0.92,
    "seo": 0.82,
    "total": 304
  },
  "firstContentfulPaint": 3305.9490000000005,
  "firstMeaningfulPaint": 4447.531999999999,
  "speedIndex": 5446.640010627092,
  "largestContentfulPaint": 6402.657000000002,
  "totalBlockingTime": 395.5,
  "cumulativeLayoutShift": 0.038829973644680445,
  "timeToInteractive": 12197.556500000002,
  "maxPotentialFirstInputDelay": 237,
  "timeToFirstByte": 1599.135,
  "weight": {
    "summary": "190 requests • 17,422 KiB",
    "total": 17839751,
    "image": 16455706,
    "imageCount": 88,
    "script": 924787,
    "scriptCount": 54,
    "document": 62630,
    "font": 262900,
    "fontCount": 12,
    "stylesheet": 117431,
    "stylesheetCount": 18,
    "thirdParty": 17498005,
    "thirdPartyCount": 142
  },
  "run": {
    "number": 3,
    "total": 3
  },
  "sidequests": {
    "-weight.total": 25,
    "+weight.total": 1,
    "-weight.document": 7,
    "+weight.document": 19,
    "-weight.script": 8,
    "+weight.script": 18,
    "-weight.image": 25,
    "+weight.image": 1,
    "-weight.font": 25,
    "+weight.font": 1,
    "+weight.fontCount": 1,
    "-timeToFirstByte": 13,
    "-totalBlockingTime": 7,
    "-largestContentfulPaint": 10
  },
  "axe": {
    "passes": 1091,
    "violations": 30
  }
}