{
  "url": "https://www.californiaclosets.ca/en/bedroom/custom-closets/finishes/",
  "requestedUrl": "https://www.californiaclosets.ca/en/bedroom/custom-closets/finishes/",
  "timestamp": 1690115776019,
  "ranks": {
    "hundos": 22,
    "performance": 8,
    "accessibility": 24,
    "cumulative": 22
  },
  "lighthouse": {
    "version": "9.6.8",
    "performance": 0.38,
    "accessibility": 0.81,
    "bestPractices": 0.92,
    "seo": 0.82,
    "total": 293
  },
  "firstContentfulPaint": 3312.7679999999996,
  "firstMeaningfulPaint": 4425.170999999999,
  "speedIndex": 5573.366841064313,
  "largestContentfulPaint": 6173.0700000000015,
  "totalBlockingTime": 905,
  "cumulativeLayoutShift": 0.038829973644680445,
  "timeToInteractive": 12192.138,
  "maxPotentialFirstInputDelay": 307,
  "timeToFirstByte": 1356.917,
  "weight": {
    "summary": "157 requests • 16,789 KiB",
    "total": 17191578,
    "image": 15546666,
    "imageCount": 50,
    "script": 1227394,
    "scriptCount": 62,
    "document": 60596,
    "font": 239108,
    "fontCount": 13,
    "stylesheet": 114928,
    "stylesheetCount": 19,
    "thirdParty": 16854943,
    "thirdPartyCount": 107
  },
  "run": {
    "number": 2,
    "total": 3
  },
  "sidequests": {
    "-weight.total": 25,
    "+weight.total": 1,
    "-weight.document": 7,
    "+weight.document": 19,
    "-weight.script": 20,
    "+weight.script": 6,
    "-weight.image": 25,
    "+weight.image": 1,
    "-weight.font": 23,
    "+weight.font": 1,
    "+weight.fontCount": 1,
    "-timeToFirstByte": 4,
    "-totalBlockingTime": 2,
    "-largestContentfulPaint": 10
  },
  "axe": {
    "passes": 1219,
    "violations": 30
  }
}