{
  "url": "https://www.californiaclosets.ca/en/bedroom/custom-closets/finishes/",
  "requestedUrl": "https://www.californiaclosets.ca/en/bedroom/custom-closets/finishes/",
  "timestamp": 1690720617170,
  "ranks": {
    "hundos": 20,
    "performance": 8,
    "accessibility": 24,
    "cumulative": 20
  },
  "lighthouse": {
    "version": "9.6.8",
    "performance": 0.35,
    "accessibility": 0.81,
    "bestPractices": 0.92,
    "seo": 0.82,
    "total": 290
  },
  "firstContentfulPaint": 3316.159,
  "firstMeaningfulPaint": 4268.638499999999,
  "speedIndex": 5932.14098522744,
  "largestContentfulPaint": 6327.988999999999,
  "totalBlockingTime": 1083,
  "cumulativeLayoutShift": 0.03753972901238336,
  "timeToInteractive": 13613.609000000002,
  "maxPotentialFirstInputDelay": 410,
  "timeToFirstByte": 1540.004,
  "weight": {
    "summary": "157 requests • 16,786 KiB",
    "total": 17188816,
    "image": 15546179,
    "imageCount": 50,
    "script": 1224952,
    "scriptCount": 62,
    "document": 60591,
    "font": 239114,
    "fontCount": 13,
    "stylesheet": 115141,
    "stylesheetCount": 19,
    "thirdParty": 16851841,
    "thirdPartyCount": 107
  },
  "run": {
    "number": 2,
    "total": 3
  },
  "sidequests": {
    "-weight.total": 25,
    "+weight.total": 1,
    "-weight.document": 7,
    "+weight.document": 19,
    "-weight.script": 19,
    "+weight.script": 7,
    "-weight.image": 25,
    "+weight.image": 1,
    "-weight.font": 24,
    "+weight.font": 1,
    "+weight.fontCount": 1,
    "-timeToFirstByte": 7,
    "-totalBlockingTime": 2,
    "-largestContentfulPaint": 9
  },
  "axe": {
    "passes": 1219,
    "violations": 30
  }
}