{
  "url": "https://www.californiaclosets.ca/en/bedroom/custom-closets/finishes/",
  "requestedUrl": "https://www.californiaclosets.ca/en/bedroom/custom-closets/finishes/",
  "timestamp": 1708864819335,
  "ranks": {
    "hundos": 24,
    "performance": 8,
    "accessibility": 24,
    "cumulative": 24
  },
  "lighthouse": {
    "version": "9.6.8",
    "performance": 0.43,
    "accessibility": 0.81,
    "bestPractices": 0.92,
    "seo": 0.82,
    "total": 298
  },
  "firstContentfulPaint": 3301.434,
  "firstMeaningfulPaint": 4517.9035,
  "speedIndex": 5780.985539088374,
  "largestContentfulPaint": 6388.847500000002,
  "totalBlockingTime": 542.9999999999991,
  "cumulativeLayoutShift": 0.038829973644680445,
  "timeToInteractive": 15191.162999999997,
  "maxPotentialFirstInputDelay": 211,
  "timeToFirstByte": 1465.768,
  "weight": {
    "summary": "193 requests • 17,644 KiB",
    "total": 18066986,
    "image": 16471485,
    "imageCount": 90,
    "script": 1136262,
    "scriptCount": 57,
    "document": 63298,
    "font": 262746,
    "fontCount": 12,
    "stylesheet": 117892,
    "stylesheetCount": 18,
    "thirdParty": 17722776,
    "thirdPartyCount": 145
  },
  "run": {
    "number": 3,
    "total": 3
  },
  "sidequests": {
    "-weight.total": 25,
    "+weight.total": 1,
    "-weight.document": 7,
    "+weight.document": 19,
    "-weight.script": 22,
    "+weight.script": 4,
    "-weight.image": 25,
    "+weight.image": 1,
    "-weight.font": 24,
    "+weight.font": 1,
    "+weight.fontCount": 1,
    "-timeToFirstByte": 4,
    "-totalBlockingTime": 13,
    "-largestContentfulPaint": 10
  },
  "axe": {
    "passes": 1092,
    "violations": 30
  }
}