{
  "url": "https://www.californiaclosets.ca/en/bedroom/custom-closets/finishes/",
  "requestedUrl": "https://www.californiaclosets.ca/en/bedroom/custom-closets/finishes/",
  "timestamp": 1710678168399,
  "ranks": {
    "hundos": 23,
    "performance": 8,
    "accessibility": 24,
    "cumulative": 23
  },
  "lighthouse": {
    "version": "9.6.8",
    "performance": 0.4,
    "accessibility": 0.81,
    "bestPractices": 0.92,
    "seo": 0.82,
    "total": 295
  },
  "firstContentfulPaint": 3257.3615,
  "firstMeaningfulPaint": 4458.208999999999,
  "speedIndex": 5114.1282730905605,
  "largestContentfulPaint": 6756.939,
  "totalBlockingTime": 586.0000000000018,
  "cumulativeLayoutShift": 0.14407867834303115,
  "timeToInteractive": 15178.056999999999,
  "maxPotentialFirstInputDelay": 191,
  "timeToFirstByte": 1048.315,
  "weight": {
    "summary": "193 requests • 17,654 KiB",
    "total": 18077691,
    "image": 16472448,
    "imageCount": 90,
    "script": 1146071,
    "scriptCount": 57,
    "document": 63905,
    "font": 262896,
    "fontCount": 12,
    "stylesheet": 117222,
    "stylesheetCount": 18,
    "thirdParty": 17734805,
    "thirdPartyCount": 145
  },
  "run": {
    "number": 1,
    "total": 3
  },
  "sidequests": {
    "-weight.total": 25,
    "+weight.total": 1,
    "-weight.document": 7,
    "+weight.document": 19,
    "-weight.script": 7,
    "+weight.script": 19,
    "-weight.image": 25,
    "+weight.image": 1,
    "-weight.font": 24,
    "+weight.font": 1,
    "+weight.fontCount": 1,
    "-timeToFirstByte": 1,
    "-totalBlockingTime": 6,
    "-largestContentfulPaint": 10
  },
  "axe": {
    "passes": 1092,
    "violations": 30
  }
}