{
  "url": "https://www.californiaclosets.ca/en/bedroom/custom-closets/finishes/",
  "requestedUrl": "https://www.californiaclosets.ca/en/bedroom/custom-closets/finishes/",
  "timestamp": 1705839853938,
  "ranks": {
    "hundos": 23,
    "performance": 7,
    "accessibility": 24,
    "cumulative": 23
  },
  "lighthouse": {
    "version": "9.6.8",
    "performance": 0.49,
    "accessibility": 0.81,
    "bestPractices": 0.92,
    "seo": 0.82,
    "total": 304
  },
  "firstContentfulPaint": 3339.9554999999996,
  "firstMeaningfulPaint": 4511.817499999999,
  "speedIndex": 5476.845550304115,
  "largestContentfulPaint": 6530.579999999999,
  "totalBlockingTime": 376.5000000000009,
  "cumulativeLayoutShift": 0.038829973644680445,
  "timeToInteractive": 12235.392,
  "maxPotentialFirstInputDelay": 220.9999999999991,
  "timeToFirstByte": 1510.904,
  "weight": {
    "summary": "190 requests • 17,445 KiB",
    "total": 17863652,
    "image": 16471985,
    "imageCount": 90,
    "script": 932433,
    "scriptCount": 54,
    "document": 63241,
    "font": 262887,
    "fontCount": 12,
    "stylesheet": 117846,
    "stylesheetCount": 18,
    "thirdParty": 17521113,
    "thirdPartyCount": 142
  },
  "run": {
    "number": 1,
    "total": 3
  },
  "sidequests": {
    "-weight.total": 25,
    "+weight.total": 1,
    "-weight.document": 7,
    "+weight.document": 19,
    "-weight.script": 10,
    "+weight.script": 16,
    "-weight.image": 25,
    "+weight.image": 1,
    "-weight.font": 21,
    "+weight.font": 1,
    "+weight.fontCount": 1,
    "-timeToFirstByte": 11,
    "-totalBlockingTime": 5,
    "-largestContentfulPaint": 10
  },
  "axe": {
    "passes": 1091,
    "violations": 30
  }
}