{
  "url": "https://www.californiaclosets.ca/en/bedroom/custom-closets/finishes/",
  "requestedUrl": "https://www.californiaclosets.ca/en/bedroom/custom-closets/finishes/",
  "timestamp": 1705235017530,
  "ranks": {
    "hundos": 23,
    "performance": 9,
    "accessibility": 24,
    "cumulative": 23
  },
  "lighthouse": {
    "version": "9.6.8",
    "performance": 0.48,
    "accessibility": 0.81,
    "bestPractices": 0.92,
    "seo": 0.82,
    "total": 303
  },
  "firstContentfulPaint": 3265.7155000000007,
  "firstMeaningfulPaint": 4422.4540000000015,
  "speedIndex": 5160.055277709254,
  "largestContentfulPaint": 6328.7165,
  "totalBlockingTime": 437.5000000000009,
  "cumulativeLayoutShift": 0.038829973644680445,
  "timeToInteractive": 12171.662500000006,
  "maxPotentialFirstInputDelay": 224.00000000000182,
  "timeToFirstByte": 1233.076,
  "weight": {
    "summary": "190 requests • 17,451 KiB",
    "total": 17869370,
    "image": 16478061,
    "imageCount": 90,
    "script": 932276,
    "scriptCount": 54,
    "document": 63199,
    "font": 262912,
    "fontCount": 12,
    "stylesheet": 117739,
    "stylesheetCount": 18,
    "thirdParty": 17527019,
    "thirdPartyCount": 142
  },
  "run": {
    "number": 1,
    "total": 3
  },
  "sidequests": {
    "-weight.total": 25,
    "+weight.total": 1,
    "-weight.document": 7,
    "+weight.document": 19,
    "-weight.script": 18,
    "+weight.script": 8,
    "-weight.image": 25,
    "+weight.image": 1,
    "-weight.font": 25,
    "+weight.font": 1,
    "+weight.fontCount": 1,
    "-timeToFirstByte": 2,
    "-totalBlockingTime": 8,
    "-largestContentfulPaint": 10
  },
  "axe": {
    "passes": 1091,
    "violations": 30
  }
}