{
  "url": "https://www.californiaclosets.ca/en/bedroom/custom-closets/finishes/",
  "requestedUrl": "https://www.californiaclosets.ca/en/bedroom/custom-closets/finishes/",
  "timestamp": 1698582335283,
  "ranks": {
    "hundos": 24,
    "performance": 11,
    "accessibility": 24,
    "cumulative": 24
  },
  "lighthouse": {
    "version": "9.6.8",
    "performance": 0.31,
    "accessibility": 0.75,
    "bestPractices": 0.92,
    "seo": 0.82,
    "total": 280
  },
  "firstContentfulPaint": 3397.9645000000005,
  "firstMeaningfulPaint": 4968.634,
  "speedIndex": 5882.739755873555,
  "largestContentfulPaint": 6354.356,
  "totalBlockingTime": 1179.000000000001,
  "cumulativeLayoutShift": 0.13090190018547906,
  "timeToInteractive": 12286.840000000004,
  "maxPotentialFirstInputDelay": 377,
  "timeToFirstByte": 1391.688,
  "weight": {
    "summary": "146 requests • 16,399 KiB",
    "total": 16792630,
    "image": 15547729,
    "imageCount": 46,
    "script": 787647,
    "scriptCount": 52,
    "document": 61896,
    "font": 262631,
    "fontCount": 12,
    "stylesheet": 117448,
    "stylesheetCount": 19,
    "thirdParty": 16451387,
    "thirdPartyCount": 96
  },
  "run": {
    "number": 1,
    "total": 3
  },
  "sidequests": {
    "-weight.total": 25,
    "+weight.total": 1,
    "-weight.document": 7,
    "+weight.document": 19,
    "-weight.script": 19,
    "+weight.script": 7,
    "-weight.image": 25,
    "+weight.image": 1,
    "-weight.font": 24,
    "+weight.font": 1,
    "+weight.fontCount": 1,
    "-timeToFirstByte": 2,
    "-totalBlockingTime": 9,
    "-largestContentfulPaint": 9
  },
  "axe": {
    "passes": 1091,
    "violations": 30
  }
}