{
  "url": "https://www.californiaclosets.com/playroomstorage/",
  "requestedUrl": "https://www.californiaclosets.com/playroomstorage/",
  "timestamp": 1707657062896,
  "ranks": {
    "hundos": 27,
    "performance": 32,
    "accessibility": 15,
    "cumulative": 24
  },
  "lighthouse": {
    "version": "9.6.8",
    "performance": 0.68,
    "accessibility": 0.83,
    "bestPractices": 1,
    "seo": 0.9,
    "total": 341
  },
  "firstContentfulPaint": 3145.61,
  "firstMeaningfulPaint": 3204.61,
  "speedIndex": 3294.71558094168,
  "largestContentfulPaint": 4655.6100000000015,
  "totalBlockingTime": 196,
  "cumulativeLayoutShift": 0.020535951614379884,
  "timeToInteractive": 8335.655499999999,
  "maxPotentialFirstInputDelay": 126,
  "timeToFirstByte": 10.812000000000005,
  "weight": {
    "summary": "104 requests • 1,307 KiB",
    "total": 1338414,
    "image": 394734,
    "imageCount": 28,
    "script": 405636,
    "scriptCount": 48,
    "document": 81731,
    "font": 260793,
    "fontCount": 11,
    "stylesheet": 180343,
    "stylesheetCount": 5,
    "thirdParty": 830864,
    "thirdPartyCount": 47
  },
  "run": {
    "number": 2,
    "total": 3
  },
  "sidequests": {
    "-weight.total": 16,
    "+weight.total": 22,
    "-weight.document": 23,
    "+weight.document": 15,
    "-weight.script": 23,
    "+weight.script": 15,
    "-weight.image": 17,
    "+weight.image": 21,
    "-weight.font": 25,
    "+weight.font": 10,
    "+weight.fontCount": 3,
    "-timeToFirstByte": 6,
    "-totalBlockingTime": 33,
    "-largestContentfulPaint": 31
  },
  "axe": {
    "passes": 1055,
    "violations": 5
  }
}