{
  "url": "https://www.californiaclosets.com/playroomstorage/",
  "requestedUrl": "https://www.californiaclosets.com/playroomstorage/",
  "timestamp": 1706448160744,
  "ranks": {
    "hundos": 19,
    "performance": 21,
    "accessibility": 23,
    "cumulative": 22
  },
  "lighthouse": {
    "version": "9.6.8",
    "performance": 0.68,
    "accessibility": 0.81,
    "bestPractices": 1,
    "seo": 0.9,
    "total": 341
  },
  "firstContentfulPaint": 2903.615,
  "firstMeaningfulPaint": 2903.615,
  "speedIndex": 3185.556733639214,
  "largestContentfulPaint": 4661.399,
  "totalBlockingTime": 185,
  "cumulativeLayoutShift": 0.05549487664964465,
  "timeToInteractive": 9051.052,
  "maxPotentialFirstInputDelay": 124,
  "timeToFirstByte": 11.212999999999997,
  "weight": {
    "summary": "104 requests • 1,291 KiB",
    "total": 1321499,
    "image": 394876,
    "imageCount": 28,
    "script": 391718,
    "scriptCount": 47,
    "document": 67340,
    "font": 273657,
    "fontCount": 12,
    "stylesheet": 179058,
    "stylesheetCount": 5,
    "thirdParty": 829800,
    "thirdPartyCount": 47
  },
  "run": {
    "number": 2,
    "total": 3
  },
  "sidequests": {
    "-weight.total": 16,
    "+weight.total": 22,
    "-weight.document": 21,
    "+weight.document": 17,
    "-weight.script": 21,
    "+weight.script": 15,
    "-weight.image": 17,
    "+weight.image": 21,
    "-weight.font": 29,
    "+weight.font": 9,
    "+weight.fontCount": 2,
    "-timeToFirstByte": 17,
    "-totalBlockingTime": 25,
    "-largestContentfulPaint": 29
  },
  "axe": {
    "passes": 1056,
    "violations": 5
  }
}