{
  "url": "https://www.californiaclosets.com/playroomstorage/",
  "requestedUrl": "https://www.californiaclosets.com/playroomstorage/",
  "timestamp": 1699797743751,
  "ranks": {
    "hundos": 24,
    "performance": 18,
    "accessibility": 29,
    "cumulative": 24
  },
  "lighthouse": {
    "version": "9.6.8",
    "performance": 0.58,
    "accessibility": 0.81,
    "bestPractices": 1,
    "seo": 0.89,
    "total": 328
  },
  "firstContentfulPaint": 2834.148,
  "firstMeaningfulPaint": 2834.148,
  "speedIndex": 3429.8017681091696,
  "largestContentfulPaint": 5265.714999999998,
  "totalBlockingTime": 165.5,
  "cumulativeLayoutShift": 0.35251586129930285,
  "timeToInteractive": 6570.290999999999,
  "maxPotentialFirstInputDelay": 142,
  "timeToFirstByte": 7.280999999999999,
  "weight": {
    "summary": "116 requests • 1,584 KiB",
    "total": 1622115,
    "image": 394511,
    "imageCount": 28,
    "script": 770156,
    "scriptCount": 58,
    "document": 67380,
    "font": 196065,
    "fontCount": 11,
    "stylesheet": 178991,
    "stylesheetCount": 7,
    "thirdParty": 1210880,
    "thirdPartyCount": 59
  },
  "run": {
    "number": 3,
    "total": 3
  },
  "sidequests": {
    "-weight.total": 30,
    "+weight.total": 8,
    "-weight.document": 22,
    "+weight.document": 16,
    "-weight.script": 34,
    "+weight.script": 4,
    "-weight.image": 19,
    "+weight.image": 19,
    "-weight.font": 21,
    "+weight.font": 6,
    "+weight.fontCount": 2,
    "-timeToFirstByte": 22,
    "-totalBlockingTime": 16,
    "-largestContentfulPaint": 21
  },
  "axe": {
    "passes": 1104,
    "violations": 7
  }
}