{
  "url": "https://www.californiaclosets.com/playroomstorage/",
  "requestedUrl": "https://www.californiaclosets.com/playroomstorage/",
  "timestamp": 1701609481926,
  "ranks": {
    "hundos": 15,
    "performance": 11,
    "accessibility": 29,
    "cumulative": 15
  },
  "lighthouse": {
    "version": "9.6.8",
    "performance": 0.58,
    "accessibility": 0.81,
    "bestPractices": 1,
    "seo": 0.89,
    "total": 328
  },
  "firstContentfulPaint": 2832.7509999999997,
  "firstMeaningfulPaint": 2832.7509999999997,
  "speedIndex": 3430.5699181908944,
  "largestContentfulPaint": 5108.413999999999,
  "totalBlockingTime": 136.5,
  "cumulativeLayoutShift": 0.3525382234785292,
  "timeToInteractive": 8575.398999999998,
  "maxPotentialFirstInputDelay": 125,
  "timeToFirstByte": 32.085,
  "weight": {
    "summary": "102 requests • 1,198 KiB",
    "total": 1226379,
    "image": 394584,
    "imageCount": 28,
    "script": 374448,
    "scriptCount": 45,
    "document": 67723,
    "font": 196066,
    "fontCount": 11,
    "stylesheet": 179230,
    "stylesheetCount": 7,
    "thirdParty": 839778,
    "thirdPartyCount": 48
  },
  "run": {
    "number": 1,
    "total": 3
  },
  "sidequests": {
    "-weight.total": 18,
    "+weight.total": 20,
    "-weight.document": 22,
    "+weight.document": 16,
    "-weight.script": 12,
    "+weight.script": 25,
    "-weight.image": 19,
    "+weight.image": 19,
    "-weight.font": 17,
    "+weight.font": 4,
    "+weight.fontCount": 2,
    "-timeToFirstByte": 32,
    "-totalBlockingTime": 9,
    "-largestContentfulPaint": 8
  },
  "axe": {
    "passes": 1104,
    "violations": 7
  }
}