{
  "url": "https://www.californiaclosets.com/playroomstorage/",
  "requestedUrl": "https://www.californiaclosets.com/playroomstorage/",
  "timestamp": 1711285016995,
  "ranks": {
    "hundos": 20,
    "performance": 26,
    "accessibility": 20,
    "cumulative": 18
  },
  "lighthouse": {
    "version": "9.6.8",
    "performance": 0.86,
    "accessibility": 0.83,
    "bestPractices": 1,
    "seo": 0.92,
    "total": 361
  },
  "firstContentfulPaint": 2181.985,
  "firstMeaningfulPaint": 2181.985,
  "speedIndex": 2877.251867826027,
  "largestContentfulPaint": 2892.8849999999998,
  "totalBlockingTime": 96.5,
  "cumulativeLayoutShift": 0.020535951614379884,
  "timeToInteractive": 7904.919499999998,
  "maxPotentialFirstInputDelay": 145,
  "timeToFirstByte": 11.204999999999998,
  "weight": {
    "summary": "105 requests • 1,158 KiB",
    "total": 1185395,
    "image": 379669,
    "imageCount": 28,
    "script": 406798,
    "scriptCount": 49,
    "document": 59525,
    "font": 260781,
    "fontCount": 11,
    "stylesheet": 63652,
    "stylesheetCount": 4,
    "thirdParty": 809133,
    "thirdPartyCount": 45
  },
  "run": {
    "number": 1,
    "total": 3
  },
  "sidequests": {
    "-weight.total": 14,
    "+weight.total": 21,
    "-weight.document": 18,
    "+weight.document": 17,
    "-weight.script": 10,
    "+weight.script": 25,
    "-weight.image": 16,
    "+weight.image": 19,
    "-weight.font": 23,
    "+weight.font": 8,
    "+weight.fontCount": 2,
    "-timeToFirstByte": 27,
    "-totalBlockingTime": 15,
    "-largestContentfulPaint": 21
  },
  "axe": {
    "passes": 1012,
    "violations": 6
  }
}