{
  "url": "https://www.californiaclosets.com/playroomstorage/",
  "requestedUrl": "https://www.californiaclosets.com/playroomstorage/",
  "timestamp": 1701006170448,
  "ranks": {
    "hundos": 18,
    "performance": 13,
    "accessibility": 29,
    "cumulative": 18
  },
  "lighthouse": {
    "version": "9.6.8",
    "performance": 0.6,
    "accessibility": 0.81,
    "bestPractices": 1,
    "seo": 0.89,
    "total": 330
  },
  "firstContentfulPaint": 2898.7380000000003,
  "firstMeaningfulPaint": 2898.7380000000003,
  "speedIndex": 3525.1264086476663,
  "largestContentfulPaint": 4347.448,
  "totalBlockingTime": 173.5,
  "cumulativeLayoutShift": 0.3516456373002794,
  "timeToInteractive": 8685.8315,
  "maxPotentialFirstInputDelay": 117,
  "timeToFirstByte": 29.755000000000003,
  "weight": {
    "summary": "105 requests • 1,207 KiB",
    "total": 1235677,
    "image": 394665,
    "imageCount": 28,
    "script": 383287,
    "scriptCount": 47,
    "document": 67738,
    "font": 196067,
    "fontCount": 11,
    "stylesheet": 179311,
    "stylesheetCount": 7,
    "thirdParty": 837963,
    "thirdPartyCount": 48
  },
  "run": {
    "number": 1,
    "total": 3
  },
  "sidequests": {
    "-weight.total": 19,
    "+weight.total": 19,
    "-weight.document": 22,
    "+weight.document": 15,
    "-weight.script": 14,
    "+weight.script": 24,
    "-weight.image": 19,
    "+weight.image": 19,
    "-weight.font": 20,
    "+weight.font": 4,
    "+weight.fontCount": 2,
    "-timeToFirstByte": 30,
    "-totalBlockingTime": 13,
    "-largestContentfulPaint": 15
  },
  "axe": {
    "passes": 1104,
    "violations": 7
  }
}