{
  "url": "https://www.californiaclosets.com/playroomstorage/",
  "requestedUrl": "https://www.californiaclosets.com/playroomstorage/",
  "timestamp": 1698587182597,
  "ranks": {
    "hundos": 25,
    "performance": 24,
    "accessibility": 28,
    "cumulative": 24
  },
  "lighthouse": {
    "version": "9.6.8",
    "performance": 0.35,
    "accessibility": 0.81,
    "bestPractices": 1,
    "seo": 0.89,
    "total": 305
  },
  "firstContentfulPaint": 3512.7389999999996,
  "firstMeaningfulPaint": 3512.7389999999996,
  "speedIndex": 4250.468509220509,
  "largestContentfulPaint": 5060.099,
  "totalBlockingTime": 884,
  "cumulativeLayoutShift": 0.3500952451494005,
  "timeToInteractive": 9499.8625,
  "maxPotentialFirstInputDelay": 324,
  "timeToFirstByte": 54.266000000000005,
  "weight": {
    "summary": "106 requests • 1,217 KiB",
    "total": 1245888,
    "image": 394647,
    "imageCount": 28,
    "script": 396580,
    "scriptCount": 48,
    "document": 67293,
    "font": 196065,
    "fontCount": 11,
    "stylesheet": 176976,
    "stylesheetCount": 7,
    "thirdParty": 837671,
    "thirdPartyCount": 49
  },
  "run": {
    "number": 1,
    "total": 3
  },
  "sidequests": {
    "-weight.total": 19,
    "+weight.total": 19,
    "-weight.document": 22,
    "+weight.document": 16,
    "-weight.script": 16,
    "+weight.script": 22,
    "-weight.image": 19,
    "+weight.image": 19,
    "-weight.font": 13,
    "+weight.font": 3,
    "+weight.fontCount": 2,
    "-timeToFirstByte": 22,
    "-totalBlockingTime": 29,
    "-largestContentfulPaint": 8
  },
  "axe": {
    "passes": 1166,
    "violations": 5
  }
}