{
  "url": "https://gridsome.org/",
  "requestedUrl": "https://gridsome.org/",
  "timestamp": 1600236147778,
  "ranks": {
    "hundos": 8,
    "performance": 9,
    "accessibility": 8,
    "cumulative": 8
  },
  "lighthouse": {
    "version": "6.3.0",
    "performance": 0.72,
    "accessibility": 0.97,
    "bestPractices": 1,
    "seo": 0.92,
    "total": 361
  },
  "firstContentfulPaint": 1207.8020000000001,
  "speedIndex": 1323.5347625753948,
  "largestContentfulPaint": 5539.813758804321,
  "totalBlockingTime": 287,
  "cumulativeLayoutShift": 0.9882121685875787,
  "timeToInteractive": 3130.3137588043214,
  "maxPotentialFirstInputDelay": 194,
  "timeToFirstByte": 12.469000000000001,
  "weight": {
    "summary": "103 requests • 971 KiB",
    "total": 993993,
    "image": 0,
    "imageCount": 0,
    "script": 178086,
    "scriptCount": 3,
    "document": 50583,
    "font": 143327,
    "fontCount": 4,
    "stylesheet": 14018,
    "stylesheetCount": 1,
    "thirdParty": 18782,
    "thirdPartyCount": 2
  },
  "axe": {
    "passes": 782,
    "violations": 31
  }
}