{
  "url": "https://gridsome.org/",
  "requestedUrl": "https://gridsome.org/",
  "timestamp": 1606802720125,
  "ranks": {
    "hundos": 7,
    "performance": 11,
    "accessibility": 8,
    "cumulative": 7
  },
  "lighthouse": {
    "version": "6.4.1",
    "performance": 0.67,
    "accessibility": 0.97,
    "bestPractices": 1,
    "seo": 0.92,
    "total": 356
  },
  "firstContentfulPaint": 1198.278,
  "speedIndex": 1364.4340533851055,
  "largestContentfulPaint": 5834.2897588043215,
  "totalBlockingTime": 391,
  "cumulativeLayoutShift": 0.9874413962894015,
  "timeToInteractive": 3363.2897588043215,
  "maxPotentialFirstInputDelay": 189,
  "timeToFirstByte": 12.155000000000001,
  "weight": {
    "summary": "103 requests • 1,012 KiB",
    "total": 1036350,
    "image": 0,
    "imageCount": 0,
    "script": 210786,
    "scriptCount": 3,
    "document": 50596,
    "font": 143372,
    "fontCount": 4,
    "stylesheet": 13991,
    "stylesheetCount": 1,
    "thirdParty": 18951,
    "thirdPartyCount": 2
  },
  "axe": {
    "passes": 774,
    "violations": 38
  }
}