{
  "url": "https://gridsome.org/",
  "requestedUrl": "https://gridsome.org/",
  "timestamp": 1607925830488,
  "ranks": {
    "hundos": 8,
    "performance": 10,
    "accessibility": 8,
    "cumulative": 8
  },
  "lighthouse": {
    "version": "6.5.0",
    "performance": 0.71,
    "accessibility": 0.97,
    "bestPractices": 1,
    "seo": 0.92,
    "total": 360
  },
  "firstContentfulPaint": 1180.6509999999998,
  "speedIndex": 1296.5339777115955,
  "largestContentfulPaint": 5539.662758804321,
  "totalBlockingTime": 317,
  "cumulativeLayoutShift": 0.9997547622256808,
  "timeToInteractive": 3051.662758804321,
  "maxPotentialFirstInputDelay": 150,
  "timeToFirstByte": 13.345999999999997,
  "weight": {
    "summary": "103 requests • 974 KiB",
    "total": 997534,
    "image": 0,
    "imageCount": 0,
    "script": 178275,
    "scriptCount": 3,
    "document": 50592,
    "font": 143346,
    "fontCount": 4,
    "stylesheet": 14019,
    "stylesheetCount": 1,
    "thirdParty": 18951,
    "thirdPartyCount": 2
  },
  "run": {
    "number": 2,
    "total": 3
  },
  "axe": {
    "passes": 774,
    "violations": 38
  }
}