{
  "url": "https://gridsome.org/",
  "requestedUrl": "https://gridsome.org/",
  "timestamp": 1605247428785,
  "ranks": {
    "hundos": 8,
    "performance": 10,
    "accessibility": 8,
    "cumulative": 8
  },
  "lighthouse": {
    "version": "6.4.1",
    "performance": 0.71,
    "accessibility": 0.97,
    "bestPractices": 1,
    "seo": 0.92,
    "total": 360
  },
  "firstContentfulPaint": 1194.922,
  "speedIndex": 1194.922,
  "largestContentfulPaint": 5609.933758804322,
  "totalBlockingTime": 440.4882411956787,
  "cumulativeLayoutShift": 0.110865873336792,
  "timeToInteractive": 3195.4337588043213,
  "maxPotentialFirstInputDelay": 371,
  "timeToFirstByte": 15.209000000000003,
  "weight": {
    "summary": "103 requests • 976 KiB",
    "total": 999315,
    "image": 0,
    "imageCount": 0,
    "script": 178304,
    "scriptCount": 3,
    "document": 50595,
    "font": 143323,
    "fontCount": 4,
    "stylesheet": 13996,
    "stylesheetCount": 1,
    "thirdParty": 18951,
    "thirdPartyCount": 2
  },
  "axe": {
    "passes": 782,
    "violations": 31
  }
}