{
  "url": "https://gridsome.org/",
  "requestedUrl": "https://gridsome.org/",
  "timestamp": 1607493852228,
  "ranks": {
    "hundos": 8,
    "performance": 9,
    "accessibility": 8,
    "cumulative": 8
  },
  "lighthouse": {
    "version": "6.5.0",
    "performance": 0.71,
    "accessibility": 0.97,
    "bestPractices": 1,
    "seo": 0.92,
    "total": 360
  },
  "firstContentfulPaint": 1671.3429999999998,
  "speedIndex": 1827.628982194846,
  "largestContentfulPaint": 5092.354758804321,
  "totalBlockingTime": 310,
  "cumulativeLayoutShift": 0.9542718469831678,
  "timeToInteractive": 3928.354758804321,
  "maxPotentialFirstInputDelay": 205,
  "timeToFirstByte": 95.53,
  "weight": {
    "summary": "103 requests • 1,072 KiB",
    "total": 1097753,
    "image": 0,
    "imageCount": 0,
    "script": 214814,
    "scriptCount": 3,
    "document": 50595,
    "font": 155087,
    "fontCount": 4,
    "stylesheet": 14024,
    "stylesheetCount": 1,
    "thirdParty": 18951,
    "thirdPartyCount": 2
  },
  "axe": {
    "passes": 774,
    "violations": 38
  }
}