{
  "url": "https://gridsome.org/",
  "requestedUrl": "https://gridsome.org/",
  "timestamp": 1604988337327,
  "ranks": {
    "hundos": 9,
    "performance": 10,
    "accessibility": 8,
    "cumulative": 10
  },
  "lighthouse": {
    "version": "6.4.1",
    "performance": 0.61,
    "accessibility": 0.97,
    "bestPractices": 1,
    "seo": 0.92,
    "total": 350
  },
  "firstContentfulPaint": 1327.774,
  "speedIndex": 1365.3035566284618,
  "largestContentfulPaint": 6119.785758804321,
  "totalBlockingTime": 527.9882411956787,
  "cumulativeLayoutShift": 0.9806990523868137,
  "timeToInteractive": 3867.785758804321,
  "maxPotentialFirstInputDelay": 373,
  "timeToFirstByte": 12.697000000000003,
  "weight": {
    "summary": "103 requests • 1,006 KiB",
    "total": 1029791,
    "image": 0,
    "imageCount": 0,
    "script": 210775,
    "scriptCount": 3,
    "document": 50594,
    "font": 143291,
    "fontCount": 4,
    "stylesheet": 14023,
    "stylesheetCount": 1,
    "thirdParty": 18951,
    "thirdPartyCount": 2
  },
  "axe": {
    "passes": 782,
    "violations": 31
  }
}