{
  "url": "https://gridsome.org/",
  "requestedUrl": "https://gridsome.org/",
  "timestamp": 1603778745398,
  "ranks": {
    "hundos": 9,
    "performance": 10,
    "accessibility": 8,
    "cumulative": 9
  },
  "lighthouse": {
    "version": "6.4.1",
    "performance": 0.64,
    "accessibility": 0.97,
    "bestPractices": 1,
    "seo": 0.92,
    "total": 353
  },
  "firstContentfulPaint": 1510.313,
  "speedIndex": 1510.313,
  "largestContentfulPaint": 5714.324758804321,
  "totalBlockingTime": 498.9882411956787,
  "cumulativeLayoutShift": 0.9997547622256808,
  "timeToInteractive": 3320.3247588043214,
  "maxPotentialFirstInputDelay": 368,
  "timeToFirstByte": 11.091000000000001,
  "weight": {
    "summary": "103 requests • 974 KiB",
    "total": 997286,
    "image": 0,
    "imageCount": 0,
    "script": 178107,
    "scriptCount": 3,
    "document": 50594,
    "font": 143350,
    "fontCount": 4,
    "stylesheet": 13990,
    "stylesheetCount": 1,
    "thirdParty": 18784,
    "thirdPartyCount": 2
  },
  "axe": {
    "passes": 782,
    "violations": 31
  }
}