{
  "url": "https://gridsome.org/",
  "requestedUrl": "https://gridsome.org/",
  "timestamp": 1604296964112,
  "ranks": {
    "hundos": 8,
    "performance": 10,
    "accessibility": 8,
    "cumulative": 9
  },
  "lighthouse": {
    "version": "6.4.1",
    "performance": 0.67,
    "accessibility": 0.97,
    "bestPractices": 1,
    "seo": 0.92,
    "total": 356
  },
  "firstContentfulPaint": 1268.489,
  "speedIndex": 1268.489,
  "largestContentfulPaint": 5646.500758804321,
  "totalBlockingTime": 410.4882411956787,
  "cumulativeLayoutShift": 0.993012418323093,
  "timeToInteractive": 3233.0007588043213,
  "maxPotentialFirstInputDelay": 339,
  "timeToFirstByte": 13.558,
  "weight": {
    "summary": "103 requests • 974 KiB",
    "total": 997820,
    "image": 0,
    "imageCount": 0,
    "script": 178270,
    "scriptCount": 3,
    "document": 50594,
    "font": 143342,
    "fontCount": 4,
    "stylesheet": 14024,
    "stylesheetCount": 1,
    "thirdParty": 18951,
    "thirdPartyCount": 2
  },
  "axe": {
    "passes": 782,
    "violations": 31
  }
}