{
  "url": "https://gridsome.org/",
  "requestedUrl": "https://gridsome.org/",
  "timestamp": 1599890546613,
  "ranks": {
    "hundos": 10,
    "performance": 9,
    "accessibility": 8,
    "cumulative": 11
  },
  "lighthouse": {
    "version": "6.3.0",
    "performance": 0.66,
    "accessibility": 0.97,
    "bestPractices": 1,
    "seo": 0.92,
    "total": 355
  },
  "firstContentfulPaint": 1229.796,
  "speedIndex": 1229.796,
  "largestContentfulPaint": 5632.807758804322,
  "totalBlockingTime": 441,
  "cumulativeLayoutShift": 0.970296738518609,
  "timeToInteractive": 3304.8077588043216,
  "maxPotentialFirstInputDelay": 368,
  "timeToFirstByte": 14.344000000000001,
  "weight": {
    "summary": "103 requests • 971 KiB",
    "total": 994682,
    "image": 0,
    "imageCount": 0,
    "script": 177819,
    "scriptCount": 3,
    "document": 54093,
    "font": 143365,
    "fontCount": 4,
    "stylesheet": 14019,
    "stylesheetCount": 1,
    "thirdParty": 18454,
    "thirdPartyCount": 2
  },
  "axe": {
    "passes": 782,
    "violations": 31
  }
}