{
  "url": "https://gridsome.org/",
  "requestedUrl": "https://gridsome.org/",
  "timestamp": 1600754576401,
  "ranks": {
    "hundos": 10,
    "performance": 11,
    "accessibility": 7,
    "cumulative": 10
  },
  "lighthouse": {
    "version": "6.3.0",
    "performance": 0.64,
    "accessibility": 0.97,
    "bestPractices": 1,
    "seo": 0.92,
    "total": 353
  },
  "firstContentfulPaint": 1240.76,
  "speedIndex": 1410.1623869899486,
  "largestContentfulPaint": 5672.7717588043215,
  "totalBlockingTime": 512.9882411956787,
  "cumulativeLayoutShift": 0.9882121685875787,
  "timeToInteractive": 3246.7717588043215,
  "maxPotentialFirstInputDelay": 396,
  "timeToFirstByte": 7.841999999999999,
  "weight": {
    "summary": "103 requests • 968 KiB",
    "total": 991342,
    "image": 0,
    "imageCount": 0,
    "script": 178105,
    "scriptCount": 3,
    "document": 50591,
    "font": 143352,
    "fontCount": 4,
    "stylesheet": 13991,
    "stylesheetCount": 1,
    "thirdParty": 18782,
    "thirdPartyCount": 2
  },
  "axe": {
    "passes": 782,
    "violations": 31
  }
}