{
  "url": "https://gridsome.org/",
  "requestedUrl": "https://gridsome.org/",
  "timestamp": 1600927352685,
  "ranks": {
    "hundos": 9,
    "performance": 9,
    "accessibility": 7,
    "cumulative": 9
  },
  "lighthouse": {
    "version": "6.3.0",
    "performance": 0.73,
    "accessibility": 0.97,
    "bestPractices": 1,
    "seo": 0.92,
    "total": 362
  },
  "firstContentfulPaint": 1206.586,
  "speedIndex": 1206.586,
  "largestContentfulPaint": 5639.5977588043215,
  "totalBlockingTime": 334,
  "cumulativeLayoutShift": 0.09932327969868979,
  "timeToInteractive": 3876.5977588043215,
  "maxPotentialFirstInputDelay": 335,
  "timeToFirstByte": 10.300000000000004,
  "weight": {
    "summary": "103 requests • 968 KiB",
    "total": 991326,
    "image": 0,
    "imageCount": 0,
    "script": 178093,
    "scriptCount": 3,
    "document": 50589,
    "font": 143367,
    "fontCount": 4,
    "stylesheet": 14023,
    "stylesheetCount": 1,
    "thirdParty": 18782,
    "thirdPartyCount": 2
  },
  "axe": {
    "passes": 782,
    "violations": 31
  }
}