{
  "url": "https://gridsome.org/",
  "requestedUrl": "https://gridsome.org/",
  "timestamp": 1600840961836,
  "ranks": {
    "hundos": 9,
    "performance": 8,
    "accessibility": 7,
    "cumulative": 9
  },
  "lighthouse": {
    "version": "6.3.0",
    "performance": 0.76,
    "accessibility": 0.97,
    "bestPractices": 1,
    "seo": 0.92,
    "total": 365
  },
  "firstContentfulPaint": 1734.8000000000002,
  "speedIndex": 1854.898072212613,
  "largestContentfulPaint": 4185.8117588043215,
  "totalBlockingTime": 339.9882411956787,
  "cumulativeLayoutShift": 0.9451431333753797,
  "timeToInteractive": 3556.8117588043215,
  "maxPotentialFirstInputDelay": 376,
  "timeToFirstByte": 96.74000000000001,
  "weight": {
    "summary": "103 requests • 968 KiB",
    "total": 991351,
    "image": 0,
    "imageCount": 0,
    "script": 178131,
    "scriptCount": 3,
    "document": 50590,
    "font": 143368,
    "fontCount": 4,
    "stylesheet": 13990,
    "stylesheetCount": 1,
    "thirdParty": 18782,
    "thirdPartyCount": 2
  },
  "axe": {
    "passes": 782,
    "violations": 31
  }
}