{
  "url": "https://gridsome.org/",
  "requestedUrl": "https://gridsome.org/",
  "timestamp": 1602309846516,
  "ranks": {
    "hundos": 10,
    "performance": 11,
    "accessibility": 7,
    "cumulative": 10
  },
  "lighthouse": {
    "version": "6.4.1",
    "performance": 0.61,
    "accessibility": 0.97,
    "bestPractices": 1,
    "seo": 0.92,
    "total": 350
  },
  "firstContentfulPaint": 1211.4270000000001,
  "speedIndex": 1211.4270000000001,
  "largestContentfulPaint": 5790.438758804321,
  "totalBlockingTime": 593.9882411956787,
  "cumulativeLayoutShift": 0.9882121685875787,
  "timeToInteractive": 3342.4387588043214,
  "maxPotentialFirstInputDelay": 454,
  "timeToFirstByte": 13.136000000000003,
  "weight": {
    "summary": "103 requests • 1,036 KiB",
    "total": 1060395,
    "image": 0,
    "imageCount": 0,
    "script": 182175,
    "scriptCount": 3,
    "document": 50595,
    "font": 154504,
    "fontCount": 4,
    "stylesheet": 14019,
    "stylesheetCount": 1,
    "thirdParty": 18784,
    "thirdPartyCount": 2
  },
  "axe": {
    "passes": 782,
    "violations": 31
  }
}