{
  "url": "https://gridsome.org/",
  "requestedUrl": "https://gridsome.org/",
  "timestamp": 1605679343014,
  "ranks": {
    "hundos": 9,
    "performance": 9,
    "accessibility": 8,
    "cumulative": 9
  },
  "lighthouse": {
    "version": "6.4.1",
    "performance": 0.69,
    "accessibility": 0.97,
    "bestPractices": 1,
    "seo": 0.92,
    "total": 358
  },
  "firstContentfulPaint": 1209.33,
  "speedIndex": 1209.33,
  "largestContentfulPaint": 5625.341758804321,
  "totalBlockingTime": 350.9882411956787,
  "cumulativeLayoutShift": 0.9614870544009738,
  "timeToInteractive": 3218.341758804321,
  "maxPotentialFirstInputDelay": 429,
  "timeToFirstByte": 12.120000000000005,
  "weight": {
    "summary": "103 requests • 976 KiB",
    "total": 999838,
    "image": 0,
    "imageCount": 0,
    "script": 178301,
    "scriptCount": 3,
    "document": 50594,
    "font": 143321,
    "fontCount": 4,
    "stylesheet": 14018,
    "stylesheetCount": 1,
    "thirdParty": 18951,
    "thirdPartyCount": 2
  },
  "axe": {
    "passes": 774,
    "violations": 38
  }
}