{
  "url": "https://gridsome.org/",
  "requestedUrl": "https://gridsome.org/",
  "timestamp": 1607321144293,
  "ranks": {
    "hundos": 7,
    "performance": 10,
    "accessibility": 8,
    "cumulative": 7
  },
  "lighthouse": {
    "version": "6.5.0",
    "performance": 0.69,
    "accessibility": 0.97,
    "bestPractices": 1,
    "seo": 0.92,
    "total": 358
  },
  "firstContentfulPaint": 1227.412,
  "speedIndex": 1512.435005053143,
  "largestContentfulPaint": 5637.423758804322,
  "totalBlockingTime": 352,
  "cumulativeLayoutShift": 0.9997547622256808,
  "timeToInteractive": 3223.4237588043216,
  "maxPotentialFirstInputDelay": 224,
  "timeToFirstByte": 24.935000000000002,
  "weight": {
    "summary": "103 requests • 977 KiB",
    "total": 1000244,
    "image": 0,
    "imageCount": 0,
    "script": 178284,
    "scriptCount": 3,
    "document": 50596,
    "font": 143405,
    "fontCount": 4,
    "stylesheet": 14020,
    "stylesheetCount": 1,
    "thirdParty": 18951,
    "thirdPartyCount": 2
  },
  "axe": {
    "passes": 774,
    "violations": 38
  }
}