{
  "url": "https://gridsome.org/",
  "requestedUrl": "https://gridsome.org/",
  "timestamp": 1607061914039,
  "ranks": {
    "hundos": 7,
    "performance": 10,
    "accessibility": 8,
    "cumulative": 7
  },
  "lighthouse": {
    "version": "6.5.0",
    "performance": 0.72,
    "accessibility": 0.97,
    "bestPractices": 1,
    "seo": 0.92,
    "total": 361
  },
  "firstContentfulPaint": 1416.062,
  "speedIndex": 1715.1627628762644,
  "largestContentfulPaint": 4261.073758804321,
  "totalBlockingTime": 456,
  "cumulativeLayoutShift": 0.9542718469831678,
  "timeToInteractive": 3442.073758804321,
  "maxPotentialFirstInputDelay": 240,
  "timeToFirstByte": 90.75500000000002,
  "weight": {
    "summary": "103 requests • 975 KiB",
    "total": 998004,
    "image": 0,
    "imageCount": 0,
    "script": 178275,
    "scriptCount": 3,
    "document": 50595,
    "font": 143369,
    "fontCount": 4,
    "stylesheet": 13990,
    "stylesheetCount": 1,
    "thirdParty": 18951,
    "thirdPartyCount": 2
  },
  "axe": {
    "passes": 774,
    "violations": 38
  }
}