{
  "url": "https://gridsome.org/",
  "requestedUrl": "https://gridsome.org/",
  "timestamp": 1606543527961,
  "ranks": {
    "hundos": 7,
    "performance": 10,
    "accessibility": 8,
    "cumulative": 7
  },
  "lighthouse": {
    "version": "6.4.1",
    "performance": 0.71,
    "accessibility": 0.97,
    "bestPractices": 1,
    "seo": 0.92,
    "total": 360
  },
  "firstContentfulPaint": 1191.8980000000001,
  "speedIndex": 1370.3504799760253,
  "largestContentfulPaint": 5768.909758804321,
  "totalBlockingTime": 301.5,
  "cumulativeLayoutShift": 0.993012418323093,
  "timeToInteractive": 3052.9097588043214,
  "maxPotentialFirstInputDelay": 186,
  "timeToFirstByte": 13.049999999999997,
  "weight": {
    "summary": "103 requests • 980 KiB",
    "total": 1003555,
    "image": 0,
    "imageCount": 0,
    "script": 182344,
    "scriptCount": 3,
    "document": 50596,
    "font": 143331,
    "fontCount": 4,
    "stylesheet": 14020,
    "stylesheetCount": 1,
    "thirdParty": 18951,
    "thirdPartyCount": 2
  },
  "axe": {
    "passes": 774,
    "violations": 38
  }
}