{
  "url": "https://gridsome.org/",
  "requestedUrl": "https://gridsome.org/",
  "timestamp": 1603087359953,
  "ranks": {
    "hundos": 8,
    "performance": 8,
    "accessibility": 8,
    "cumulative": 8
  },
  "lighthouse": {
    "version": "6.4.1",
    "performance": 0.72,
    "accessibility": 0.97,
    "bestPractices": 1,
    "seo": 0.92,
    "total": 361
  },
  "firstContentfulPaint": 1839.033,
  "speedIndex": 2264.0554790672295,
  "largestContentfulPaint": 5353.044758804321,
  "totalBlockingTime": 233.5,
  "cumulativeLayoutShift": 0.9451431333753797,
  "timeToInteractive": 3744.044758804321,
  "maxPotentialFirstInputDelay": 190,
  "timeToFirstByte": 92.01100000000002,
  "weight": {
    "summary": "103 requests • 974 KiB",
    "total": 997165,
    "image": 0,
    "imageCount": 0,
    "script": 178109,
    "scriptCount": 3,
    "document": 50596,
    "font": 143327,
    "fontCount": 4,
    "stylesheet": 13995,
    "stylesheetCount": 1,
    "thirdParty": 18784,
    "thirdPartyCount": 2
  },
  "axe": {
    "passes": 782,
    "violations": 31
  }
}