{
  "url": "https://gridsome.org/",
  "requestedUrl": "https://gridsome.org/",
  "timestamp": 1603692234319,
  "ranks": {
    "hundos": 8,
    "performance": 9,
    "accessibility": 8,
    "cumulative": 8
  },
  "lighthouse": {
    "version": "6.4.1",
    "performance": 0.7,
    "accessibility": 0.97,
    "bestPractices": 1,
    "seo": 0.92,
    "total": 359
  },
  "firstContentfulPaint": 1708.815,
  "speedIndex": 1975.740667256019,
  "largestContentfulPaint": 4871.826758804322,
  "totalBlockingTime": 403,
  "cumulativeLayoutShift": 0.9542718469831678,
  "timeToInteractive": 3918.8267588043213,
  "maxPotentialFirstInputDelay": 197,
  "timeToFirstByte": 97.30000000000001,
  "weight": {
    "summary": "103 requests • 1,079 KiB",
    "total": 1104770,
    "image": 0,
    "imageCount": 0,
    "script": 214652,
    "scriptCount": 3,
    "document": 50595,
    "font": 159338,
    "fontCount": 4,
    "stylesheet": 14905,
    "stylesheetCount": 1,
    "thirdParty": 18784,
    "thirdPartyCount": 2
  },
  "axe": {
    "passes": 782,
    "violations": 31
  }
}