{
  "url": "https://gridsome.org/",
  "requestedUrl": "https://gridsome.org/",
  "timestamp": 1601272941688,
  "ranks": {
    "hundos": 9,
    "performance": 10,
    "accessibility": 7,
    "cumulative": 9
  },
  "lighthouse": {
    "version": "6.3.0",
    "performance": 0.67,
    "accessibility": 0.97,
    "bestPractices": 1,
    "seo": 0.92,
    "total": 356
  },
  "firstContentfulPaint": 1230.772,
  "speedIndex": 1230.772,
  "largestContentfulPaint": 5631.783758804321,
  "totalBlockingTime": 424.4882411956787,
  "cumulativeLayoutShift": 0.9882121685875787,
  "timeToInteractive": 3224.283758804321,
  "maxPotentialFirstInputDelay": 363,
  "timeToFirstByte": 11.055000000000007,
  "weight": {
    "summary": "103 requests • 968 KiB",
    "total": 991473,
    "image": 0,
    "imageCount": 0,
    "script": 178133,
    "scriptCount": 3,
    "document": 50590,
    "font": 143397,
    "fontCount": 4,
    "stylesheet": 13990,
    "stylesheetCount": 1,
    "thirdParty": 18782,
    "thirdPartyCount": 2
  },
  "axe": {
    "passes": 782,
    "violations": 31
  }
}