{
  "url": "https://gridsome.org/",
  "requestedUrl": "https://gridsome.org/",
  "timestamp": 1608012167719,
  "ranks": {
    "hundos": 9,
    "performance": 9,
    "accessibility": 8,
    "cumulative": 9
  },
  "lighthouse": {
    "version": "6.5.0",
    "performance": 0.68,
    "accessibility": 0.97,
    "bestPractices": 1,
    "seo": 0.92,
    "total": 357
  },
  "firstContentfulPaint": 1836.225,
  "speedIndex": 1903.5959996918148,
  "largestContentfulPaint": 5827.236758804322,
  "totalBlockingTime": 350,
  "cumulativeLayoutShift": 0.9542718469831679,
  "timeToInteractive": 3650.236758804321,
  "maxPotentialFirstInputDelay": 194,
  "timeToFirstByte": 66.6,
  "weight": {
    "summary": "103 requests • 979 KiB",
    "total": 1002538,
    "image": 0,
    "imageCount": 0,
    "script": 182369,
    "scriptCount": 3,
    "document": 50592,
    "font": 143377,
    "fontCount": 4,
    "stylesheet": 14019,
    "stylesheetCount": 1,
    "thirdParty": 18950,
    "thirdPartyCount": 2
  },
  "run": {
    "number": 1,
    "total": 3
  },
  "axe": {
    "passes": 774,
    "violations": 38
  }
}