{
  "url": "https://gridsome.org/",
  "requestedUrl": "https://gridsome.org/",
  "timestamp": 1599717896612,
  "ranks": {
    "hundos": 8,
    "performance": 8,
    "accessibility": 8,
    "cumulative": 9
  },
  "lighthouse": {
    "version": "6.3.0",
    "performance": 0.78,
    "accessibility": 0.97,
    "bestPractices": 1,
    "seo": 0.92,
    "total": 367
  },
  "firstContentfulPaint": 1427.161,
  "speedIndex": 1427.161,
  "largestContentfulPaint": 5627.172758804321,
  "totalBlockingTime": 159.5,
  "cumulativeLayoutShift": 0.02094691975911458,
  "timeToInteractive": 3081.6727588043213,
  "maxPotentialFirstInputDelay": 245,
  "timeToFirstByte": 12.745000000000005,
  "weight": {
    "summary": "103 requests • 968 KiB",
    "total": 990979,
    "image": 0,
    "imageCount": 0,
    "script": 177814,
    "scriptCount": 3,
    "document": 50584,
    "font": 143351,
    "fontCount": 4,
    "stylesheet": 14018,
    "stylesheetCount": 1,
    "thirdParty": 18454,
    "thirdPartyCount": 2
  },
  "axe": {
    "passes": 782,
    "violations": 31
  }
}