{
  "url": "https://gridsome.org/",
  "requestedUrl": "https://gridsome.org/",
  "timestamp": 1602223442485,
  "ranks": {
    "hundos": 9,
    "performance": 10,
    "accessibility": 7,
    "cumulative": 9
  },
  "lighthouse": {
    "version": "6.4.1",
    "performance": 0.7,
    "accessibility": 0.97,
    "bestPractices": 1,
    "seo": 0.92,
    "total": 359
  },
  "firstContentfulPaint": 1246.283,
  "speedIndex": 1246.283,
  "largestContentfulPaint": 5651.294758804321,
  "totalBlockingTime": 446.9882411956787,
  "cumulativeLayoutShift": 0.09932327969868979,
  "timeToInteractive": 3248.294758804321,
  "maxPotentialFirstInputDelay": 357,
  "timeToFirstByte": 12.775999999999996,
  "weight": {
    "summary": "103 requests • 974 KiB",
    "total": 997115,
    "image": 0,
    "imageCount": 0,
    "script": 178128,
    "scriptCount": 3,
    "document": 50594,
    "font": 143327,
    "fontCount": 4,
    "stylesheet": 13989,
    "stylesheetCount": 1,
    "thirdParty": 18782,
    "thirdPartyCount": 2
  },
  "axe": {
    "passes": 782,
    "violations": 31
  }
}