{
  "url": "https://gridsome.org/",
  "requestedUrl": "https://gridsome.org/",
  "timestamp": 1608873151222,
  "ranks": {
    "hundos": 8,
    "performance": 12,
    "accessibility": 8,
    "cumulative": 8
  },
  "lighthouse": {
    "version": "6.5.0",
    "performance": 0.72,
    "accessibility": 0.97,
    "bestPractices": 1,
    "seo": 0.92,
    "total": 361
  },
  "firstContentfulPaint": 1244.995,
  "speedIndex": 1299.2798713774728,
  "largestContentfulPaint": 5583.006758804321,
  "totalBlockingTime": 250,
  "cumulativeLayoutShift": 0.9874413962894015,
  "timeToInteractive": 3075.006758804321,
  "maxPotentialFirstInputDelay": 222,
  "timeToFirstByte": 15.462999999999994,
  "weight": {
    "summary": "103 requests • 975 KiB",
    "total": 997905,
    "image": 0,
    "imageCount": 0,
    "script": 178304,
    "scriptCount": 3,
    "document": 50593,
    "font": 143370,
    "fontCount": 4,
    "stylesheet": 14019,
    "stylesheetCount": 1,
    "thirdParty": 18951,
    "thirdPartyCount": 2
  },
  "run": {
    "number": 3,
    "total": 3
  },
  "axe": {
    "passes": 774,
    "violations": 38
  }
}