{
  "url": "https://gridsome.org/",
  "requestedUrl": "https://gridsome.org/",
  "timestamp": 1601445913147,
  "ranks": {
    "hundos": 9,
    "performance": 9,
    "accessibility": 7,
    "cumulative": 9
  },
  "lighthouse": {
    "version": "6.3.0",
    "performance": 0.67,
    "accessibility": 0.97,
    "bestPractices": 1,
    "seo": 0.92,
    "total": 356
  },
  "firstContentfulPaint": 1354.35,
  "speedIndex": 1510.124688659221,
  "largestContentfulPaint": 5743.361758804322,
  "totalBlockingTime": 424.9882411956787,
  "cumulativeLayoutShift": 0.9882121685875787,
  "timeToInteractive": 3331.361758804321,
  "maxPotentialFirstInputDelay": 260,
  "timeToFirstByte": 20.696000000000005,
  "weight": {
    "summary": "103 requests • 969 KiB",
    "total": 991757,
    "image": 0,
    "imageCount": 0,
    "script": 178105,
    "scriptCount": 3,
    "document": 50591,
    "font": 143357,
    "fontCount": 4,
    "stylesheet": 14019,
    "stylesheetCount": 1,
    "thirdParty": 18782,
    "thirdPartyCount": 2
  },
  "axe": {
    "passes": 782,
    "violations": 31
  }
}