{
  "url": "https://gridsome.org/",
  "requestedUrl": "https://gridsome.org/",
  "timestamp": 1608786966316,
  "ranks": {
    "hundos": 8,
    "performance": 12,
    "accessibility": 8,
    "cumulative": 8
  },
  "lighthouse": {
    "version": "6.5.0",
    "performance": 0.66,
    "accessibility": 0.97,
    "bestPractices": 1,
    "seo": 0.92,
    "total": 355
  },
  "firstContentfulPaint": 1257.62,
  "speedIndex": 1307.2790820499158,
  "largestContentfulPaint": 5769.631758804321,
  "totalBlockingTime": 427,
  "cumulativeLayoutShift": 0.9717317926618787,
  "timeToInteractive": 3236.631758804321,
  "maxPotentialFirstInputDelay": 197,
  "timeToFirstByte": 46.08400000000002,
  "weight": {
    "summary": "103 requests • 975 KiB",
    "total": 997968,
    "image": 0,
    "imageCount": 0,
    "script": 178254,
    "scriptCount": 3,
    "document": 50593,
    "font": 143369,
    "fontCount": 4,
    "stylesheet": 14020,
    "stylesheetCount": 1,
    "thirdParty": 18951,
    "thirdPartyCount": 2
  },
  "run": {
    "number": 2,
    "total": 3
  },
  "axe": {
    "passes": 774,
    "violations": 38
  }
}