{
  "url": "https://gridsome.org/",
  "requestedUrl": "https://gridsome.org/",
  "timestamp": 1604556351798,
  "ranks": {
    "hundos": 8,
    "performance": 10,
    "accessibility": 8,
    "cumulative": 8
  },
  "lighthouse": {
    "version": "6.4.1",
    "performance": 0.65,
    "accessibility": 0.97,
    "bestPractices": 1,
    "seo": 0.92,
    "total": 354
  },
  "firstContentfulPaint": 1246.18,
  "speedIndex": 1246.18,
  "largestContentfulPaint": 5720.191758804322,
  "totalBlockingTime": 462.4882411956787,
  "cumulativeLayoutShift": 0.973327556822035,
  "timeToInteractive": 3231.6917588043216,
  "maxPotentialFirstInputDelay": 371,
  "timeToFirstByte": 14.806999999999995,
  "weight": {
    "summary": "103 requests • 981 KiB",
    "total": 1004258,
    "image": 0,
    "imageCount": 0,
    "script": 178307,
    "scriptCount": 3,
    "document": 54079,
    "font": 143331,
    "fontCount": 4,
    "stylesheet": 14019,
    "stylesheetCount": 1,
    "thirdParty": 18951,
    "thirdPartyCount": 2
  },
  "axe": {
    "passes": 782,
    "violations": 31
  }
}