{
  "url": "https://gridsome.org/",
  "requestedUrl": "https://gridsome.org/",
  "timestamp": 1601964357374,
  "ranks": {
    "hundos": 10,
    "performance": 10,
    "accessibility": 7,
    "cumulative": 10
  },
  "lighthouse": {
    "version": "6.4.1",
    "performance": 0.65,
    "accessibility": 0.97,
    "bestPractices": 1,
    "seo": 0.92,
    "total": 354
  },
  "firstContentfulPaint": 1302.038,
  "speedIndex": 1451.2244124722256,
  "largestContentfulPaint": 6038.049758804322,
  "totalBlockingTime": 426.9882411956787,
  "cumulativeLayoutShift": 0.9882121685875787,
  "timeToInteractive": 3599.0497588043213,
  "maxPotentialFirstInputDelay": 261,
  "timeToFirstByte": 7.771000000000004,
  "weight": {
    "summary": "103 requests • 1,026 KiB",
    "total": 1050922,
    "image": 0,
    "imageCount": 0,
    "script": 214678,
    "scriptCount": 3,
    "document": 50595,
    "font": 159314,
    "fontCount": 4,
    "stylesheet": 14933,
    "stylesheetCount": 1,
    "thirdParty": 18782,
    "thirdPartyCount": 2
  },
  "axe": {
    "passes": 782,
    "violations": 31
  }
}