{
  "url": "https://gridsome.org/",
  "requestedUrl": "https://gridsome.org/",
  "timestamp": 1602137067164,
  "ranks": {
    "hundos": 9,
    "performance": 9,
    "accessibility": 7,
    "cumulative": 9
  },
  "lighthouse": {
    "version": "6.4.1",
    "performance": 0.65,
    "accessibility": 0.97,
    "bestPractices": 1,
    "seo": 0.92,
    "total": 354
  },
  "firstContentfulPaint": 1314.681,
  "speedIndex": 1631.9320096026872,
  "largestContentfulPaint": 5676.692758804322,
  "totalBlockingTime": 491.5,
  "cumulativeLayoutShift": 0.9882121685875787,
  "timeToInteractive": 3344.6927588043213,
  "maxPotentialFirstInputDelay": 330,
  "timeToFirstByte": 13.653999999999996,
  "weight": {
    "summary": "103 requests • 974 KiB",
    "total": 997249,
    "image": 0,
    "imageCount": 0,
    "script": 178130,
    "scriptCount": 3,
    "document": 50595,
    "font": 143330,
    "fontCount": 4,
    "stylesheet": 13991,
    "stylesheetCount": 1,
    "thirdParty": 18782,
    "thirdPartyCount": 2
  },
  "axe": {
    "passes": 782,
    "violations": 31
  }
}