{
  "url": "https://gridsome.org/",
  "requestedUrl": "https://gridsome.org/",
  "timestamp": 1599372313905,
  "ranks": {
    "hundos": 7,
    "performance": 9,
    "accessibility": 8,
    "cumulative": 8
  },
  "lighthouse": {
    "version": "6.3.0",
    "performance": 0.76,
    "accessibility": 0.97,
    "bestPractices": 1,
    "seo": 0.92,
    "total": 365
  },
  "firstContentfulPaint": 1227.538,
  "speedIndex": 1497.2523030211996,
  "largestContentfulPaint": 5537.549758804322,
  "totalBlockingTime": 322.4882411956787,
  "cumulativeLayoutShift": 0.022846455891927082,
  "timeToInteractive": 3111.0497588043213,
  "maxPotentialFirstInputDelay": 211,
  "timeToFirstByte": 11.13900000000001,
  "weight": {
    "summary": "103 requests • 968 KiB",
    "total": 990733,
    "image": 0,
    "imageCount": 0,
    "script": 177786,
    "scriptCount": 3,
    "document": 50591,
    "font": 143331,
    "fontCount": 4,
    "stylesheet": 14025,
    "stylesheetCount": 1,
    "thirdParty": 18454,
    "thirdPartyCount": 2
  },
  "axe": {
    "passes": 782,
    "violations": 31
  }
}