{
  "url": "https://gridsome.org/",
  "requestedUrl": "https://gridsome.org/",
  "timestamp": 1604037746021,
  "ranks": {
    "hundos": 8,
    "performance": 10,
    "accessibility": 8,
    "cumulative": 8
  },
  "lighthouse": {
    "version": "6.4.1",
    "performance": 0.66,
    "accessibility": 0.97,
    "bestPractices": 1,
    "seo": 0.92,
    "total": 355
  },
  "firstContentfulPaint": 1265.049,
  "speedIndex": 1515.3876076219913,
  "largestContentfulPaint": 5910.060758804321,
  "totalBlockingTime": 422,
  "cumulativeLayoutShift": 0.9614870544009738,
  "timeToInteractive": 3606.0607588043213,
  "maxPotentialFirstInputDelay": 246,
  "timeToFirstByte": 13.533999999999999,
  "weight": {
    "summary": "103 requests • 1,022 KiB",
    "total": 1046135,
    "image": 0,
    "imageCount": 0,
    "script": 210782,
    "scriptCount": 3,
    "document": 50594,
    "font": 143371,
    "fontCount": 4,
    "stylesheet": 13990,
    "stylesheetCount": 1,
    "thirdParty": 18951,
    "thirdPartyCount": 2
  },
  "axe": {
    "passes": 782,
    "violations": 31
  }
}