{
  "url": "https://gridsome.org/",
  "requestedUrl": "https://gridsome.org/",
  "timestamp": 1607753141737,
  "ranks": {
    "hundos": 7,
    "performance": 8,
    "accessibility": 8,
    "cumulative": 7
  },
  "lighthouse": {
    "version": "6.5.0",
    "performance": 0.75,
    "accessibility": 0.97,
    "bestPractices": 1,
    "seo": 0.92,
    "total": 364
  },
  "firstContentfulPaint": 1672.4279999999999,
  "speedIndex": 1677.8178306118753,
  "largestContentfulPaint": 4570.439758804321,
  "totalBlockingTime": 309,
  "cumulativeLayoutShift": 0.9545307695600721,
  "timeToInteractive": 3461.439758804321,
  "maxPotentialFirstInputDelay": 379,
  "timeToFirstByte": 69.28900000000002,
  "weight": {
    "summary": "103 requests • 975 KiB",
    "total": 997975,
    "image": 0,
    "imageCount": 0,
    "script": 178301,
    "scriptCount": 3,
    "document": 50594,
    "font": 143371,
    "fontCount": 4,
    "stylesheet": 14018,
    "stylesheetCount": 1,
    "thirdParty": 18951,
    "thirdPartyCount": 2
  },
  "axe": {
    "passes": 774,
    "violations": 38
  }
}