{
  "url": "https://gridsome.org/",
  "requestedUrl": "https://gridsome.org/",
  "timestamp": 1602396343156,
  "ranks": {
    "hundos": 9,
    "performance": 9,
    "accessibility": 7,
    "cumulative": 9
  },
  "lighthouse": {
    "version": "6.4.1",
    "performance": 0.73,
    "accessibility": 0.97,
    "bestPractices": 1,
    "seo": 0.92,
    "total": 362
  },
  "firstContentfulPaint": 1412.5059999999999,
  "speedIndex": 1412.5059999999999,
  "largestContentfulPaint": 5698.517758804321,
  "totalBlockingTime": 179.5,
  "cumulativeLayoutShift": 0.9882121685875787,
  "timeToInteractive": 3021.517758804321,
  "maxPotentialFirstInputDelay": 167,
  "timeToFirstByte": 9.503,
  "weight": {
    "summary": "103 requests • 974 KiB",
    "total": 997309,
    "image": 0,
    "imageCount": 0,
    "script": 178135,
    "scriptCount": 3,
    "document": 50594,
    "font": 143351,
    "fontCount": 4,
    "stylesheet": 13990,
    "stylesheetCount": 1,
    "thirdParty": 18784,
    "thirdPartyCount": 2
  },
  "axe": {
    "passes": 782,
    "violations": 31
  }
}