{
  "url": "https://gridsome.org/",
  "requestedUrl": "https://gridsome.org/",
  "timestamp": 1607666530606,
  "ranks": {
    "hundos": 8,
    "performance": 9,
    "accessibility": 8,
    "cumulative": 8
  },
  "lighthouse": {
    "version": "6.5.0",
    "performance": 0.74,
    "accessibility": 0.97,
    "bestPractices": 1,
    "seo": 0.92,
    "total": 363
  },
  "firstContentfulPaint": 1440.7069999999999,
  "speedIndex": 1440.7069999999999,
  "largestContentfulPaint": 5643.718758804322,
  "totalBlockingTime": 129.5,
  "cumulativeLayoutShift": 0.9997547622256808,
  "timeToInteractive": 3058.218758804321,
  "maxPotentialFirstInputDelay": 233,
  "timeToFirstByte": 9.065999999999999,
  "weight": {
    "summary": "103 requests • 974 KiB",
    "total": 997618,
    "image": 0,
    "imageCount": 0,
    "script": 178300,
    "scriptCount": 3,
    "document": 50592,
    "font": 143391,
    "fontCount": 4,
    "stylesheet": 14017,
    "stylesheetCount": 1,
    "thirdParty": 18951,
    "thirdPartyCount": 2
  },
  "axe": {
    "passes": 774,
    "violations": 38
  }
}