{
  "url": "https://gridsome.org/",
  "requestedUrl": "https://gridsome.org/",
  "timestamp": 1606716226888,
  "ranks": {
    "hundos": 7,
    "performance": 10,
    "accessibility": 8,
    "cumulative": 8
  },
  "lighthouse": {
    "version": "6.4.1",
    "performance": 0.66,
    "accessibility": 0.97,
    "bestPractices": 1,
    "seo": 0.92,
    "total": 355
  },
  "firstContentfulPaint": 1208.229,
  "speedIndex": 1208.229,
  "largestContentfulPaint": 5690.240758804322,
  "totalBlockingTime": 441.9882411956787,
  "cumulativeLayoutShift": 0.9997547622256808,
  "timeToInteractive": 3201.2407588043216,
  "maxPotentialFirstInputDelay": 352,
  "timeToFirstByte": 13.202999999999996,
  "weight": {
    "summary": "103 requests • 1,033 KiB",
    "total": 1058092,
    "image": 0,
    "imageCount": 0,
    "script": 182367,
    "scriptCount": 3,
    "document": 54078,
    "font": 152765,
    "fontCount": 4,
    "stylesheet": 14022,
    "stylesheetCount": 1,
    "thirdParty": 18951,
    "thirdPartyCount": 2
  },
  "axe": {
    "passes": 774,
    "violations": 38
  }
}