{
  "url": "https://gridsome.org/",
  "requestedUrl": "https://gridsome.org/",
  "timestamp": 1606975512465,
  "ranks": {
    "hundos": 7,
    "performance": 10,
    "accessibility": 8,
    "cumulative": 7
  },
  "lighthouse": {
    "version": "6.5.0",
    "performance": 0.71,
    "accessibility": 0.97,
    "bestPractices": 1,
    "seo": 0.92,
    "total": 360
  },
  "firstContentfulPaint": 1633.9940000000001,
  "speedIndex": 1967.1517416626284,
  "largestContentfulPaint": 5902.005758804322,
  "totalBlockingTime": 204.00000000000023,
  "cumulativeLayoutShift": 0.9397153125339084,
  "timeToInteractive": 4079.005758804322,
  "maxPotentialFirstInputDelay": 352.00000000000045,
  "timeToFirstByte": 89.05000000000001,
  "weight": {
    "summary": "103 requests • 975 KiB",
    "total": 998026,
    "image": 0,
    "imageCount": 0,
    "script": 178241,
    "scriptCount": 3,
    "document": 50595,
    "font": 143367,
    "fontCount": 4,
    "stylesheet": 14022,
    "stylesheetCount": 1,
    "thirdParty": 18951,
    "thirdPartyCount": 2
  },
  "axe": {
    "passes": 774,
    "violations": 38
  }
}