{
  "url": "https://gridsome.org/",
  "requestedUrl": "https://gridsome.org/",
  "timestamp": 1599545155262,
  "ranks": {
    "hundos": 8,
    "performance": 8,
    "accessibility": 8,
    "cumulative": 8
  },
  "lighthouse": {
    "version": "6.3.0",
    "performance": 0.77,
    "accessibility": 0.97,
    "bestPractices": 1,
    "seo": 0.92,
    "total": 366
  },
  "firstContentfulPaint": 1471.665,
  "speedIndex": 1471.665,
  "largestContentfulPaint": 5709.676758804321,
  "totalBlockingTime": 227.4882411956787,
  "cumulativeLayoutShift": 0.022846455891927082,
  "timeToInteractive": 3192.1767588043213,
  "maxPotentialFirstInputDelay": 301,
  "timeToFirstByte": 11.825000000000003,
  "weight": {
    "summary": "103 requests • 967 KiB",
    "total": 990637,
    "image": 0,
    "imageCount": 0,
    "script": 177794,
    "scriptCount": 3,
    "document": 50590,
    "font": 143350,
    "fontCount": 4,
    "stylesheet": 13990,
    "stylesheetCount": 1,
    "thirdParty": 18454,
    "thirdPartyCount": 2
  },
  "axe": {
    "passes": 782,
    "violations": 31
  }
}