{
  "url": "https://gridsome.org/",
  "requestedUrl": "https://gridsome.org/",
  "timestamp": 1603260161842,
  "ranks": {
    "hundos": 10,
    "performance": 9,
    "accessibility": 8,
    "cumulative": 11
  },
  "lighthouse": {
    "version": "6.4.1",
    "performance": 0.67,
    "accessibility": 0.97,
    "bestPractices": 1,
    "seo": 0.92,
    "total": 356
  },
  "firstContentfulPaint": 1207.243,
  "speedIndex": 1293.5418934123618,
  "largestContentfulPaint": 5579.254758804322,
  "totalBlockingTime": 434.5,
  "cumulativeLayoutShift": 0.9882121685875787,
  "timeToInteractive": 3106.254758804321,
  "maxPotentialFirstInputDelay": 322,
  "timeToFirstByte": 12.195,
  "weight": {
    "summary": "103 requests • 974 KiB",
    "total": 997358,
    "image": 0,
    "imageCount": 0,
    "script": 178107,
    "scriptCount": 3,
    "document": 50594,
    "font": 143347,
    "fontCount": 4,
    "stylesheet": 14018,
    "stylesheetCount": 1,
    "thirdParty": 18784,
    "thirdPartyCount": 2
  },
  "axe": {
    "passes": 782,
    "violations": 31
  }
}