{
  "url": "https://gridsome.org/",
  "requestedUrl": "https://gridsome.org/",
  "timestamp": 1599631459951,
  "ranks": {
    "hundos": 8,
    "performance": 8,
    "accessibility": 8,
    "cumulative": 8
  },
  "lighthouse": {
    "version": "6.3.0",
    "performance": 0.71,
    "accessibility": 0.97,
    "bestPractices": 1,
    "seo": 0.92,
    "total": 360
  },
  "firstContentfulPaint": 1769.346,
  "speedIndex": 2019.7793250805066,
  "largestContentfulPaint": 4838.357758804321,
  "totalBlockingTime": 483,
  "cumulativeLayoutShift": 0.015143751356336804,
  "timeToInteractive": 4509.857758804321,
  "maxPotentialFirstInputDelay": 283,
  "timeToFirstByte": 91.50300000000001,
  "weight": {
    "summary": "103 requests • 967 KiB",
    "total": 990583,
    "image": 0,
    "imageCount": 0,
    "script": 177739,
    "scriptCount": 3,
    "document": 50589,
    "font": 143346,
    "fontCount": 4,
    "stylesheet": 14023,
    "stylesheetCount": 1,
    "thirdParty": 18454,
    "thirdPartyCount": 2
  },
  "axe": {
    "passes": 782,
    "violations": 31
  }
}