{
  "url": "https://gridsome.org/",
  "requestedUrl": "https://gridsome.org/",
  "timestamp": 1605506560294,
  "ranks": {
    "hundos": 7,
    "performance": 8,
    "accessibility": 8,
    "cumulative": 7
  },
  "lighthouse": {
    "version": "6.4.1",
    "performance": 0.71,
    "accessibility": 0.97,
    "bestPractices": 1,
    "seo": 0.92,
    "total": 360
  },
  "firstContentfulPaint": 1496.917,
  "speedIndex": 1496.917,
  "largestContentfulPaint": 5733.928758804321,
  "totalBlockingTime": 287.4882411956787,
  "cumulativeLayoutShift": 0.9997547622256808,
  "timeToInteractive": 3218.428758804321,
  "maxPotentialFirstInputDelay": 331,
  "timeToFirstByte": 9.252999999999997,
  "weight": {
    "summary": "103 requests • 978 KiB",
    "total": 1001156,
    "image": 0,
    "imageCount": 0,
    "script": 178278,
    "scriptCount": 3,
    "document": 54079,
    "font": 143325,
    "fontCount": 4,
    "stylesheet": 13990,
    "stylesheetCount": 1,
    "thirdParty": 18951,
    "thirdPartyCount": 2
  },
  "axe": {
    "passes": 782,
    "violations": 31
  }
}