{
  "url": "https://gridsome.org/",
  "requestedUrl": "https://gridsome.org/",
  "timestamp": 1601791478971,
  "ranks": {
    "hundos": 10,
    "performance": 10,
    "accessibility": 7,
    "cumulative": 10
  },
  "lighthouse": {
    "version": "6.4.1",
    "performance": 0.62,
    "accessibility": 0.97,
    "bestPractices": 1,
    "seo": 0.92,
    "total": 351
  },
  "firstContentfulPaint": 1233.269,
  "speedIndex": 1564.2524872616268,
  "largestContentfulPaint": 5706.2807588043215,
  "totalBlockingTime": 561.0000000000002,
  "cumulativeLayoutShift": 0.9882121685875787,
  "timeToInteractive": 3254.2807588043215,
  "maxPotentialFirstInputDelay": 301,
  "timeToFirstByte": 12.448,
  "weight": {
    "summary": "103 requests • 968 KiB",
    "total": 991309,
    "image": 0,
    "imageCount": 0,
    "script": 178103,
    "scriptCount": 3,
    "document": 50589,
    "font": 143368,
    "fontCount": 4,
    "stylesheet": 13990,
    "stylesheetCount": 1,
    "thirdParty": 18782,
    "thirdPartyCount": 2
  },
  "axe": {
    "passes": 782,
    "violations": 31
  }
}