{
  "url": "https://gridsome.org/",
  "requestedUrl": "https://gridsome.org/",
  "timestamp": 1608185097935,
  "ranks": {
    "hundos": 8,
    "performance": 11,
    "accessibility": 8,
    "cumulative": 8
  },
  "lighthouse": {
    "version": "6.5.0",
    "performance": 0.69,
    "accessibility": 0.97,
    "bestPractices": 1,
    "seo": 0.92,
    "total": 358
  },
  "firstContentfulPaint": 1207.634,
  "speedIndex": 1207.634,
  "largestContentfulPaint": 5625.645758804321,
  "totalBlockingTime": 357.5,
  "cumulativeLayoutShift": 0.9997547622256808,
  "timeToInteractive": 3077.6457588043213,
  "maxPotentialFirstInputDelay": 302,
  "timeToFirstByte": 14.631999999999998,
  "weight": {
    "summary": "103 requests • 974 KiB",
    "total": 997696,
    "image": 0,
    "imageCount": 0,
    "script": 178273,
    "scriptCount": 3,
    "document": 50591,
    "font": 143375,
    "fontCount": 4,
    "stylesheet": 14018,
    "stylesheetCount": 1,
    "thirdParty": 18951,
    "thirdPartyCount": 2
  },
  "run": {
    "number": 3,
    "total": 3
  },
  "axe": {
    "passes": 774,
    "violations": 38
  }
}