{
  "url": "https://gridsome.org/",
  "requestedUrl": "https://gridsome.org/",
  "timestamp": 1606111460985,
  "ranks": {
    "hundos": 7,
    "performance": 8,
    "accessibility": 8,
    "cumulative": 7
  },
  "lighthouse": {
    "version": "6.4.1",
    "performance": 0.69,
    "accessibility": 0.97,
    "bestPractices": 1,
    "seo": 0.92,
    "total": 358
  },
  "firstContentfulPaint": 1582.644,
  "speedIndex": 1582.644,
  "largestContentfulPaint": 5768.6557588043215,
  "totalBlockingTime": 327.9882411956787,
  "cumulativeLayoutShift": 0.9997547622256808,
  "timeToInteractive": 3350.6557588043215,
  "maxPotentialFirstInputDelay": 411,
  "timeToFirstByte": 8.031000000000002,
  "weight": {
    "summary": "103 requests • 978 KiB",
    "total": 1000999,
    "image": 0,
    "imageCount": 0,
    "script": 178305,
    "scriptCount": 3,
    "document": 54078,
    "font": 143368,
    "fontCount": 4,
    "stylesheet": 13990,
    "stylesheetCount": 1,
    "thirdParty": 18951,
    "thirdPartyCount": 2
  },
  "axe": {
    "passes": 774,
    "violations": 38
  }
}