{
  "url": "https://gridsome.org/",
  "requestedUrl": "https://gridsome.org/",
  "timestamp": 1600668251908,
  "ranks": {
    "hundos": 8,
    "performance": 8,
    "accessibility": 8,
    "cumulative": 8
  },
  "lighthouse": {
    "version": "6.3.0",
    "performance": 0.75,
    "accessibility": 0.97,
    "bestPractices": 1,
    "seo": 0.92,
    "total": 364
  },
  "firstContentfulPaint": 1750.067,
  "speedIndex": 1937.2896931393498,
  "largestContentfulPaint": 4238.078758804321,
  "totalBlockingTime": 350.4882411956787,
  "cumulativeLayoutShift": 0.9454150100284152,
  "timeToInteractive": 3680.5787588043213,
  "maxPotentialFirstInputDelay": 331,
  "timeToFirstByte": 127.49600000000001,
  "weight": {
    "summary": "103 requests • 968 KiB",
    "total": 991419,
    "image": 0,
    "imageCount": 0,
    "script": 178103,
    "scriptCount": 3,
    "document": 50590,
    "font": 143368,
    "fontCount": 4,
    "stylesheet": 13990,
    "stylesheetCount": 1,
    "thirdParty": 18782,
    "thirdPartyCount": 2
  },
  "axe": {
    "passes": 782,
    "violations": 31
  }
}