{
  "url": "https://gridsome.org/",
  "requestedUrl": "https://gridsome.org/",
  "timestamp": 1605160938524,
  "ranks": {
    "hundos": 8,
    "performance": 9,
    "accessibility": 8,
    "cumulative": 8
  },
  "lighthouse": {
    "version": "6.4.1",
    "performance": 0.68,
    "accessibility": 0.97,
    "bestPractices": 1,
    "seo": 0.92,
    "total": 357
  },
  "firstContentfulPaint": 1231.0819999999999,
  "speedIndex": 1357.1636240805146,
  "largestContentfulPaint": 5629.093758804322,
  "totalBlockingTime": 404.4882411956787,
  "cumulativeLayoutShift": 0.9997547622256808,
  "timeToInteractive": 3143.593758804321,
  "maxPotentialFirstInputDelay": 217,
  "timeToFirstByte": 10.481000000000002,
  "weight": {
    "summary": "103 requests • 976 KiB",
    "total": 999494,
    "image": 0,
    "imageCount": 0,
    "script": 178275,
    "scriptCount": 3,
    "document": 50595,
    "font": 143348,
    "fontCount": 4,
    "stylesheet": 13990,
    "stylesheetCount": 1,
    "thirdParty": 18951,
    "thirdPartyCount": 2
  },
  "axe": {
    "passes": 782,
    "violations": 31
  }
}