{
  "url": "https://gridsome.org/",
  "requestedUrl": "https://gridsome.org/",
  "timestamp": 1603519526108,
  "ranks": {
    "hundos": 10,
    "performance": 11,
    "accessibility": 8,
    "cumulative": 10
  },
  "lighthouse": {
    "version": "6.4.1",
    "performance": 0.64,
    "accessibility": 0.97,
    "bestPractices": 1,
    "seo": 0.92,
    "total": 353
  },
  "firstContentfulPaint": 1207.299,
  "speedIndex": 1207.299,
  "largestContentfulPaint": 5719.310758804321,
  "totalBlockingTime": 513.9882411956787,
  "cumulativeLayoutShift": 0.9997547622256808,
  "timeToInteractive": 3276.3107588043213,
  "maxPotentialFirstInputDelay": 403,
  "timeToFirstByte": 12.225000000000001,
  "weight": {
    "summary": "103 requests • 1,017 KiB",
    "total": 1041883,
    "image": 0,
    "imageCount": 0,
    "script": 182201,
    "scriptCount": 3,
    "document": 54078,
    "font": 143331,
    "fontCount": 4,
    "stylesheet": 13990,
    "stylesheetCount": 1,
    "thirdParty": 18784,
    "thirdPartyCount": 2
  },
  "axe": {
    "passes": 782,
    "violations": 31
  }
}