{
  "url": "https://gridsome.org/",
  "requestedUrl": "https://gridsome.org/",
  "timestamp": 1606456970585,
  "ranks": {
    "hundos": 8,
    "performance": 11,
    "accessibility": 8,
    "cumulative": 8
  },
  "lighthouse": {
    "version": "6.4.1",
    "performance": 0.63,
    "accessibility": 0.97,
    "bestPractices": 1,
    "seo": 0.92,
    "total": 352
  },
  "firstContentfulPaint": 1216.683,
  "speedIndex": 1258.2039345604962,
  "largestContentfulPaint": 5650.694758804321,
  "totalBlockingTime": 528,
  "cumulativeLayoutShift": 0.9997547622256808,
  "timeToInteractive": 3296.6947588043213,
  "maxPotentialFirstInputDelay": 356,
  "timeToFirstByte": 16.48700000000001,
  "weight": {
    "summary": "103 requests • 978 KiB",
    "total": 1001756,
    "image": 0,
    "imageCount": 0,
    "script": 178277,
    "scriptCount": 3,
    "document": 54079,
    "font": 143324,
    "fontCount": 4,
    "stylesheet": 13990,
    "stylesheetCount": 1,
    "thirdParty": 18951,
    "thirdPartyCount": 2
  },
  "axe": {
    "passes": 774,
    "violations": 38
  }
}