{
  "url": "https://gridsome.org/",
  "requestedUrl": "https://gridsome.org/",
  "timestamp": 1607148132759,
  "ranks": {
    "hundos": 7,
    "performance": 10,
    "accessibility": 8,
    "cumulative": 7
  },
  "lighthouse": {
    "version": "6.5.0",
    "performance": 0.72,
    "accessibility": 0.97,
    "bestPractices": 1,
    "seo": 0.92,
    "total": 361
  },
  "firstContentfulPaint": 1683.194,
  "speedIndex": 1890.5802966371637,
  "largestContentfulPaint": 4668.205758804321,
  "totalBlockingTime": 386.9882411956787,
  "cumulativeLayoutShift": 0.9550036330752902,
  "timeToInteractive": 3638.2057588043212,
  "maxPotentialFirstInputDelay": 198,
  "timeToFirstByte": 88.493,
  "weight": {
    "summary": "103 requests • 975 KiB",
    "total": 998475,
    "image": 0,
    "imageCount": 0,
    "script": 178271,
    "scriptCount": 3,
    "document": 50594,
    "font": 143365,
    "fontCount": 4,
    "stylesheet": 13989,
    "stylesheetCount": 1,
    "thirdParty": 18951,
    "thirdPartyCount": 2
  },
  "axe": {
    "passes": 774,
    "violations": 38
  }
}