{
  "url": "https://gridsome.org/",
  "requestedUrl": "https://gridsome.org/",
  "timestamp": 1607839347472,
  "ranks": {
    "hundos": 8,
    "performance": 9,
    "accessibility": 8,
    "cumulative": 8
  },
  "lighthouse": {
    "version": "6.5.0",
    "performance": 0.69,
    "accessibility": 0.97,
    "bestPractices": 1,
    "seo": 0.92,
    "total": 358
  },
  "firstContentfulPaint": 1261.5140000000001,
  "speedIndex": 1448.7349707821681,
  "largestContentfulPaint": 5662.525758804321,
  "totalBlockingTime": 347.5,
  "cumulativeLayoutShift": 0.9997547622256808,
  "timeToInteractive": 3184.0257588043214,
  "maxPotentialFirstInputDelay": 233,
  "timeToFirstByte": 11.489000000000004,
  "weight": {
    "summary": "103 requests • 974 KiB",
    "total": 997864,
    "image": 0,
    "imageCount": 0,
    "script": 178304,
    "scriptCount": 3,
    "document": 50595,
    "font": 143394,
    "fontCount": 4,
    "stylesheet": 14019,
    "stylesheetCount": 1,
    "thirdParty": 18951,
    "thirdPartyCount": 2
  },
  "run": {
    "number": 1,
    "total": 3
  },
  "axe": {
    "passes": 774,
    "violations": 38
  }
}