{
  "url": "https://gridsome.org/",
  "requestedUrl": "https://gridsome.org/",
  "timestamp": 1604210622703,
  "ranks": {
    "hundos": 7,
    "performance": 10,
    "accessibility": 8,
    "cumulative": 7
  },
  "lighthouse": {
    "version": "6.4.1",
    "performance": 0.7,
    "accessibility": 0.97,
    "bestPractices": 1,
    "seo": 0.92,
    "total": 359
  },
  "firstContentfulPaint": 1254.6,
  "speedIndex": 1387.4898625533665,
  "largestContentfulPaint": 5877.611758804322,
  "totalBlockingTime": 317.9882411956787,
  "cumulativeLayoutShift": 0.9997547622256808,
  "timeToInteractive": 3394.111758804321,
  "maxPotentialFirstInputDelay": 177,
  "timeToFirstByte": 13.506,
  "weight": {
    "summary": "103 requests • 1,012 KiB",
    "total": 1036306,
    "image": 0,
    "imageCount": 0,
    "script": 210751,
    "scriptCount": 3,
    "document": 50595,
    "font": 147597,
    "fontCount": 4,
    "stylesheet": 14938,
    "stylesheetCount": 1,
    "thirdParty": 18951,
    "thirdPartyCount": 2
  },
  "axe": {
    "passes": 782,
    "violations": 31
  }
}