{
  "url": "https://gridsome.org/",
  "requestedUrl": "https://gridsome.org/",
  "timestamp": 1603865044401,
  "ranks": {
    "hundos": 8,
    "performance": 10,
    "accessibility": 8,
    "cumulative": 8
  },
  "lighthouse": {
    "version": "6.4.1",
    "performance": 0.65,
    "accessibility": 0.97,
    "bestPractices": 1,
    "seo": 0.92,
    "total": 354
  },
  "firstContentfulPaint": 1513.129,
  "speedIndex": 1513.129,
  "largestContentfulPaint": 5719.140758804321,
  "totalBlockingTime": 473.9882411956787,
  "cumulativeLayoutShift": 0.9997547622256808,
  "timeToInteractive": 3323.140758804321,
  "maxPotentialFirstInputDelay": 376,
  "timeToFirstByte": 10.681000000000001,
  "weight": {
    "summary": "103 requests • 974 KiB",
    "total": 997310,
    "image": 0,
    "imageCount": 0,
    "script": 178135,
    "scriptCount": 3,
    "document": 50595,
    "font": 143369,
    "fontCount": 4,
    "stylesheet": 14018,
    "stylesheetCount": 1,
    "thirdParty": 18784,
    "thirdPartyCount": 2
  },
  "axe": {
    "passes": 782,
    "violations": 31
  }
}