{
  "url": "https://gridsome.org/",
  "requestedUrl": "https://gridsome.org/",
  "timestamp": 1599458561772,
  "ranks": {
    "hundos": 7,
    "performance": 8,
    "accessibility": 8,
    "cumulative": 7
  },
  "lighthouse": {
    "version": "6.3.0",
    "performance": 0.78,
    "accessibility": 0.97,
    "bestPractices": 1,
    "seo": 0.92,
    "total": 367
  },
  "firstContentfulPaint": 1788.3,
  "speedIndex": 1927.903534717409,
  "largestContentfulPaint": 4763.3117588043215,
  "totalBlockingTime": 309,
  "cumulativeLayoutShift": 0.015143751356336804,
  "timeToInteractive": 3604.8117588043215,
  "maxPotentialFirstInputDelay": 210,
  "timeToFirstByte": 96.42900000000003,
  "weight": {
    "summary": "103 requests • 967 KiB",
    "total": 990648,
    "image": 0,
    "imageCount": 0,
    "script": 177790,
    "scriptCount": 3,
    "document": 50591,
    "font": 143369,
    "fontCount": 4,
    "stylesheet": 13990,
    "stylesheetCount": 1,
    "thirdParty": 18454,
    "thirdPartyCount": 2
  },
  "axe": {
    "passes": 782,
    "violations": 31
  }
}