{
  "url": "https://gridsome.org/",
  "requestedUrl": "https://gridsome.org/",
  "timestamp": 1601532303561,
  "ranks": {
    "hundos": 9,
    "performance": 11,
    "accessibility": 7,
    "cumulative": 10
  },
  "lighthouse": {
    "version": "6.3.0",
    "performance": 0.61,
    "accessibility": 0.97,
    "bestPractices": 1,
    "seo": 0.92,
    "total": 350
  },
  "firstContentfulPaint": 1225.397,
  "speedIndex": 1266.1192170073523,
  "largestContentfulPaint": 5608.408758804321,
  "totalBlockingTime": 613.4882411956787,
  "cumulativeLayoutShift": 0.9882121685875787,
  "timeToInteractive": 3380.908758804321,
  "maxPotentialFirstInputDelay": 431,
  "timeToFirstByte": 16.397,
  "weight": {
    "summary": "103 requests • 968 KiB",
    "total": 991164,
    "image": 0,
    "imageCount": 0,
    "script": 178101,
    "scriptCount": 3,
    "document": 50589,
    "font": 143338,
    "fontCount": 4,
    "stylesheet": 13989,
    "stylesheetCount": 1,
    "thirdParty": 18782,
    "thirdPartyCount": 2
  },
  "axe": {
    "passes": 782,
    "violations": 31
  }
}