{
  "url": "https://gridsome.org/",
  "requestedUrl": "https://gridsome.org/",
  "timestamp": 1603432940648,
  "ranks": {
    "hundos": 8,
    "performance": 9,
    "accessibility": 8,
    "cumulative": 8
  },
  "lighthouse": {
    "version": "6.4.1",
    "performance": 0.71,
    "accessibility": 0.97,
    "bestPractices": 1,
    "seo": 0.92,
    "total": 360
  },
  "firstContentfulPaint": 1230.163,
  "speedIndex": 1338.0598301690375,
  "largestContentfulPaint": 5646.174758804322,
  "totalBlockingTime": 291,
  "cumulativeLayoutShift": 0.9526389213138157,
  "timeToInteractive": 3083.6747588043213,
  "maxPotentialFirstInputDelay": 249,
  "timeToFirstByte": 14.893999999999998,
  "weight": {
    "summary": "103 requests • 974 KiB",
    "total": 997246,
    "image": 0,
    "imageCount": 0,
    "script": 178076,
    "scriptCount": 3,
    "document": 50596,
    "font": 143331,
    "fontCount": 4,
    "stylesheet": 14025,
    "stylesheetCount": 1,
    "thirdParty": 18784,
    "thirdPartyCount": 2
  },
  "axe": {
    "passes": 782,
    "violations": 31
  }
}