{
  "url": "https://gridsome.org/",
  "requestedUrl": "https://gridsome.org/",
  "timestamp": 1600495449887,
  "ranks": {
    "hundos": 9,
    "performance": 11,
    "accessibility": 8,
    "cumulative": 9
  },
  "lighthouse": {
    "version": "6.3.0",
    "performance": 0.71,
    "accessibility": 0.97,
    "bestPractices": 1,
    "seo": 0.92,
    "total": 360
  },
  "firstContentfulPaint": 1206.596,
  "speedIndex": 1294.0658314209975,
  "largestContentfulPaint": 5632.607758804321,
  "totalBlockingTime": 307,
  "cumulativeLayoutShift": 0.9773764065636529,
  "timeToInteractive": 3028.6077588043213,
  "maxPotentialFirstInputDelay": 194,
  "timeToFirstByte": 13.482,
  "weight": {
    "summary": "103 requests • 968 KiB",
    "total": 991364,
    "image": 0,
    "imageCount": 0,
    "script": 178104,
    "scriptCount": 3,
    "document": 50590,
    "font": 143352,
    "fontCount": 4,
    "stylesheet": 13990,
    "stylesheetCount": 1,
    "thirdParty": 18782,
    "thirdPartyCount": 2
  },
  "axe": {
    "passes": 782,
    "violations": 31
  }
}