{
  "url": "https://gridsome.org/",
  "requestedUrl": "https://gridsome.org/",
  "timestamp": 1606197832354,
  "ranks": {
    "hundos": 7,
    "performance": 9,
    "accessibility": 8,
    "cumulative": 7
  },
  "lighthouse": {
    "version": "6.4.1",
    "performance": 0.69,
    "accessibility": 0.97,
    "bestPractices": 1,
    "seo": 0.92,
    "total": 358
  },
  "firstContentfulPaint": 1252.9270000000001,
  "speedIndex": 1386.296106848467,
  "largestContentfulPaint": 5738.938758804321,
  "totalBlockingTime": 347.9882411956787,
  "cumulativeLayoutShift": 0.9997547622256808,
  "timeToInteractive": 3186.9387588043214,
  "maxPotentialFirstInputDelay": 274,
  "timeToFirstByte": 9.460999999999999,
  "weight": {
    "summary": "103 requests • 981 KiB",
    "total": 1004728,
    "image": 0,
    "imageCount": 0,
    "script": 178302,
    "scriptCount": 3,
    "document": 50594,
    "font": 148202,
    "fontCount": 4,
    "stylesheet": 13990,
    "stylesheetCount": 1,
    "thirdParty": 18951,
    "thirdPartyCount": 2
  },
  "axe": {
    "passes": 774,
    "violations": 38
  }
}