{
  "url": "https://gridsome.org/",
  "requestedUrl": "https://gridsome.org/",
  "timestamp": 1607234629734,
  "ranks": {
    "hundos": 7,
    "performance": 9,
    "accessibility": 8,
    "cumulative": 7
  },
  "lighthouse": {
    "version": "6.5.0",
    "performance": 0.74,
    "accessibility": 0.97,
    "bestPractices": 1,
    "seo": 0.92,
    "total": 363
  },
  "firstContentfulPaint": 1374.24,
  "speedIndex": 1374.24,
  "largestContentfulPaint": 5632.251758804321,
  "totalBlockingTime": 113,
  "cumulativeLayoutShift": 0.9997547622256808,
  "timeToInteractive": 3052.251758804321,
  "maxPotentialFirstInputDelay": 240,
  "timeToFirstByte": 8.724999999999998,
  "weight": {
    "summary": "103 requests • 979 KiB",
    "total": 1002812,
    "image": 0,
    "imageCount": 0,
    "script": 178299,
    "scriptCount": 3,
    "document": 50595,
    "font": 143352,
    "fontCount": 4,
    "stylesheet": 14942,
    "stylesheetCount": 1,
    "thirdParty": 18951,
    "thirdPartyCount": 2
  },
  "axe": {
    "passes": 774,
    "violations": 38
  }
}