{
  "url": "https://gridsome.org/",
  "requestedUrl": "https://gridsome.org/",
  "timestamp": 1606025135520,
  "ranks": {
    "hundos": 7,
    "performance": 9,
    "accessibility": 8,
    "cumulative": 7
  },
  "lighthouse": {
    "version": "6.4.1",
    "performance": 0.71,
    "accessibility": 0.97,
    "bestPractices": 1,
    "seo": 0.92,
    "total": 360
  },
  "firstContentfulPaint": 1669.956,
  "speedIndex": 1866.8831345855274,
  "largestContentfulPaint": 5268.967758804321,
  "totalBlockingTime": 324,
  "cumulativeLayoutShift": 0.9550036330752902,
  "timeToInteractive": 3622.9677588043214,
  "maxPotentialFirstInputDelay": 178,
  "timeToFirstByte": 88.83099999999999,
  "weight": {
    "summary": "103 requests • 974 KiB",
    "total": 997780,
    "image": 0,
    "imageCount": 0,
    "script": 178304,
    "scriptCount": 3,
    "document": 50595,
    "font": 143369,
    "fontCount": 4,
    "stylesheet": 13990,
    "stylesheetCount": 1,
    "thirdParty": 18951,
    "thirdPartyCount": 2
  },
  "axe": {
    "passes": 774,
    "violations": 38
  }
}