{
  "url": "https://gridsome.org/",
  "requestedUrl": "https://gridsome.org/",
  "timestamp": 1608613842652,
  "ranks": {
    "hundos": 7,
    "performance": 10,
    "accessibility": 8,
    "cumulative": 7
  },
  "lighthouse": {
    "version": "6.5.0",
    "performance": 0.67,
    "accessibility": 0.97,
    "bestPractices": 1,
    "seo": 0.92,
    "total": 356
  },
  "firstContentfulPaint": 1265.917,
  "speedIndex": 1403.591945127222,
  "largestContentfulPaint": 5650.928758804321,
  "totalBlockingTime": 414.9882411956787,
  "cumulativeLayoutShift": 0.9997547622256808,
  "timeToInteractive": 3219.928758804321,
  "maxPotentialFirstInputDelay": 306,
  "timeToFirstByte": 11.523000000000003,
  "weight": {
    "summary": "103 requests • 975 KiB",
    "total": 997965,
    "image": 0,
    "imageCount": 0,
    "script": 178301,
    "scriptCount": 3,
    "document": 50591,
    "font": 143365,
    "fontCount": 4,
    "stylesheet": 14018,
    "stylesheetCount": 1,
    "thirdParty": 18951,
    "thirdPartyCount": 2
  },
  "run": {
    "number": 1,
    "total": 3
  },
  "axe": {
    "passes": 774,
    "violations": 38
  }
}