{
  "url": "https://gridsome.org/",
  "requestedUrl": "https://gridsome.org/",
  "timestamp": 1606370557518,
  "ranks": {
    "hundos": 7,
    "performance": 10,
    "accessibility": 8,
    "cumulative": 7
  },
  "lighthouse": {
    "version": "6.4.1",
    "performance": 0.65,
    "accessibility": 0.97,
    "bestPractices": 1,
    "seo": 0.92,
    "total": 354
  },
  "firstContentfulPaint": 1337.438,
  "speedIndex": 1493.5999717947223,
  "largestContentfulPaint": 5757.449758804321,
  "totalBlockingTime": 468,
  "cumulativeLayoutShift": 0.9997547622256808,
  "timeToInteractive": 3361.4497588043214,
  "maxPotentialFirstInputDelay": 352,
  "timeToFirstByte": 12.579,
  "weight": {
    "summary": "103 requests • 975 KiB",
    "total": 998329,
    "image": 0,
    "imageCount": 0,
    "script": 178302,
    "scriptCount": 3,
    "document": 50595,
    "font": 143352,
    "fontCount": 4,
    "stylesheet": 14019,
    "stylesheetCount": 1,
    "thirdParty": 18951,
    "thirdPartyCount": 2
  },
  "axe": {
    "passes": 774,
    "violations": 38
  }
}