{
  "url": "https://gridsome.org/",
  "requestedUrl": "https://gridsome.org/",
  "timestamp": 1604469894859,
  "ranks": {
    "hundos": 8,
    "performance": 10,
    "accessibility": 8,
    "cumulative": 8
  },
  "lighthouse": {
    "version": "6.4.1",
    "performance": 0.66,
    "accessibility": 0.97,
    "bestPractices": 1,
    "seo": 0.92,
    "total": 355
  },
  "firstContentfulPaint": 1190.578,
  "speedIndex": 1190.578,
  "largestContentfulPaint": 5561.589758804321,
  "totalBlockingTime": 451.9882411956787,
  "cumulativeLayoutShift": 0.9686678354475233,
  "timeToInteractive": 3188.5897588043213,
  "maxPotentialFirstInputDelay": 334,
  "timeToFirstByte": 13.38900000000001,
  "weight": {
    "summary": "103 requests • 979 KiB",
    "total": 1002729,
    "image": 0,
    "imageCount": 0,
    "script": 178308,
    "scriptCount": 3,
    "document": 54080,
    "font": 143334,
    "fontCount": 4,
    "stylesheet": 14020,
    "stylesheetCount": 1,
    "thirdParty": 18951,
    "thirdPartyCount": 2
  },
  "axe": {
    "passes": 782,
    "violations": 31
  }
}