{
  "url": "https://gridsome.org/",
  "requestedUrl": "https://gridsome.org/",
  "timestamp": 1604642698763,
  "ranks": {
    "hundos": 7,
    "performance": 10,
    "accessibility": 8,
    "cumulative": 7
  },
  "lighthouse": {
    "version": "6.4.1",
    "performance": 0.72,
    "accessibility": 0.97,
    "bestPractices": 1,
    "seo": 0.92,
    "total": 361
  },
  "firstContentfulPaint": 1399.879,
  "speedIndex": 1399.879,
  "largestContentfulPaint": 5725.890758804321,
  "totalBlockingTime": 250,
  "cumulativeLayoutShift": 0.9997547622256808,
  "timeToInteractive": 3131.890758804321,
  "maxPotentialFirstInputDelay": 341,
  "timeToFirstByte": 12.536000000000001,
  "weight": {
    "summary": "103 requests • 978 KiB",
    "total": 1001516,
    "image": 0,
    "imageCount": 0,
    "script": 178306,
    "scriptCount": 3,
    "document": 54078,
    "font": 143331,
    "fontCount": 4,
    "stylesheet": 14018,
    "stylesheetCount": 1,
    "thirdParty": 18951,
    "thirdPartyCount": 2
  },
  "axe": {
    "passes": 782,
    "violations": 31
  }
}