{
  "url": "https://gridsome.org/",
  "requestedUrl": "https://gridsome.org/",
  "timestamp": 1601100321554,
  "ranks": {
    "hundos": 9,
    "performance": 10,
    "accessibility": 7,
    "cumulative": 9
  },
  "lighthouse": {
    "version": "6.3.0",
    "performance": 0.65,
    "accessibility": 0.97,
    "bestPractices": 1,
    "seo": 0.92,
    "total": 354
  },
  "firstContentfulPaint": 1872.027,
  "speedIndex": 2104.5488600580993,
  "largestContentfulPaint": 5118.038758804321,
  "totalBlockingTime": 497.9882411956787,
  "cumulativeLayoutShift": 0.9454150100284152,
  "timeToInteractive": 4013.0387588043213,
  "maxPotentialFirstInputDelay": 226,
  "timeToFirstByte": 102.976,
  "weight": {
    "summary": "103 requests • 969 KiB",
    "total": 991843,
    "image": 0,
    "imageCount": 0,
    "script": 178081,
    "scriptCount": 3,
    "document": 50590,
    "font": 143327,
    "fontCount": 4,
    "stylesheet": 14019,
    "stylesheetCount": 1,
    "thirdParty": 18782,
    "thirdPartyCount": 2
  },
  "axe": {
    "passes": 782,
    "violations": 31
  }
}