{
  "url": "https://gridsome.org/",
  "requestedUrl": "https://gridsome.org/",
  "timestamp": 1600409073436,
  "ranks": {
    "hundos": 9,
    "performance": 9,
    "accessibility": 8,
    "cumulative": 9
  },
  "lighthouse": {
    "version": "6.3.0",
    "performance": 0.72,
    "accessibility": 0.97,
    "bestPractices": 1,
    "seo": 0.92,
    "total": 361
  },
  "firstContentfulPaint": 1552.647,
  "speedIndex": 1938.520097323319,
  "largestContentfulPaint": 4992.658758804321,
  "totalBlockingTime": 304.5,
  "cumulativeLayoutShift": 0.9451431333753797,
  "timeToInteractive": 3728.658758804321,
  "maxPotentialFirstInputDelay": 175,
  "timeToFirstByte": 200.479,
  "weight": {
    "summary": "103 requests • 1,005 KiB",
    "total": 1028651,
    "image": 0,
    "imageCount": 0,
    "script": 214677,
    "scriptCount": 3,
    "document": 50590,
    "font": 143329,
    "fontCount": 4,
    "stylesheet": 14020,
    "stylesheetCount": 1,
    "thirdParty": 18782,
    "thirdPartyCount": 2
  },
  "axe": {
    "passes": 782,
    "violations": 31
  }
}