{
  "url": "https://gridsome.org/",
  "requestedUrl": "https://gridsome.org/",
  "timestamp": 1607407358178,
  "ranks": {
    "hundos": 9,
    "performance": 11,
    "accessibility": 8,
    "cumulative": 9
  },
  "lighthouse": {
    "version": "6.5.0",
    "performance": 0.65,
    "accessibility": 0.97,
    "bestPractices": 1,
    "seo": 0.92,
    "total": 354
  },
  "firstContentfulPaint": 1272.2649999999999,
  "speedIndex": 1413.3177063034182,
  "largestContentfulPaint": 5820.276758804321,
  "totalBlockingTime": 451,
  "cumulativeLayoutShift": 0.9997547622256808,
  "timeToInteractive": 3328.776758804321,
  "maxPotentialFirstInputDelay": 407,
  "timeToFirstByte": 18.335,
  "weight": {
    "summary": "103 requests • 995 KiB",
    "total": 1018492,
    "image": 0,
    "imageCount": 0,
    "script": 178307,
    "scriptCount": 3,
    "document": 54079,
    "font": 154830,
    "fontCount": 4,
    "stylesheet": 14019,
    "stylesheetCount": 1,
    "thirdParty": 18951,
    "thirdPartyCount": 2
  },
  "axe": {
    "passes": 774,
    "violations": 38
  }
}