{
  "url": "https://gridsome.org/",
  "requestedUrl": "https://gridsome.org/",
  "timestamp": 1605333735688,
  "ranks": {
    "hundos": 7,
    "performance": 9,
    "accessibility": 8,
    "cumulative": 7
  },
  "lighthouse": {
    "version": "6.4.1",
    "performance": 0.76,
    "accessibility": 0.97,
    "bestPractices": 1,
    "seo": 0.92,
    "total": 365
  },
  "firstContentfulPaint": 1729.6100000000001,
  "speedIndex": 1878.9879041743166,
  "largestContentfulPaint": 4067.621758804322,
  "totalBlockingTime": 350.0000000000002,
  "cumulativeLayoutShift": 0.9542718469831678,
  "timeToInteractive": 3999.621758804322,
  "maxPotentialFirstInputDelay": 232.00000000000045,
  "timeToFirstByte": 92.78200000000001,
  "weight": {
    "summary": "103 requests • 1,079 KiB",
    "total": 1104995,
    "image": 0,
    "imageCount": 0,
    "script": 214818,
    "scriptCount": 3,
    "document": 50595,
    "font": 159342,
    "fontCount": 4,
    "stylesheet": 14905,
    "stylesheetCount": 1,
    "thirdParty": 18951,
    "thirdPartyCount": 2
  },
  "axe": {
    "passes": 782,
    "violations": 31
  }
}