{
  "url": "https://gridsome.org/",
  "requestedUrl": "https://gridsome.org/",
  "timestamp": 1607580394729,
  "ranks": {
    "hundos": 7,
    "performance": 9,
    "accessibility": 8,
    "cumulative": 7
  },
  "lighthouse": {
    "version": "6.5.0",
    "performance": 0.68,
    "accessibility": 0.97,
    "bestPractices": 1,
    "seo": 0.92,
    "total": 357
  },
  "firstContentfulPaint": 1208.424,
  "speedIndex": 1568.559235235227,
  "largestContentfulPaint": 5990.435758804321,
  "totalBlockingTime": 478.5,
  "cumulativeLayoutShift": 0.110865873336792,
  "timeToInteractive": 3612.4357588043213,
  "maxPotentialFirstInputDelay": 289,
  "timeToFirstByte": 13.140999999999998,
  "weight": {
    "summary": "103 requests • 1,021 KiB",
    "total": 1045678,
    "image": 0,
    "imageCount": 0,
    "script": 214848,
    "scriptCount": 3,
    "document": 50594,
    "font": 152769,
    "fontCount": 4,
    "stylesheet": 14018,
    "stylesheetCount": 1,
    "thirdParty": 18951,
    "thirdPartyCount": 2
  },
  "axe": {
    "passes": 774,
    "violations": 38
  }
}