{
  "url": "https://gridsome.org/",
  "requestedUrl": "https://gridsome.org/",
  "timestamp": 1605765748560,
  "ranks": {
    "hundos": 7,
    "performance": 8,
    "accessibility": 8,
    "cumulative": 7
  },
  "lighthouse": {
    "version": "6.4.1",
    "performance": 0.69,
    "accessibility": 0.97,
    "bestPractices": 1,
    "seo": 0.92,
    "total": 358
  },
  "firstContentfulPaint": 1714.703,
  "speedIndex": 2055.8808800523957,
  "largestContentfulPaint": 4380.714758804321,
  "totalBlockingTime": 502,
  "cumulativeLayoutShift": 0.9545307695600721,
  "timeToInteractive": 3745.7147588043213,
  "maxPotentialFirstInputDelay": 211,
  "timeToFirstByte": 95.68400000000003,
  "weight": {
    "summary": "103 requests • 974 KiB",
    "total": 997331,
    "image": 0,
    "imageCount": 0,
    "script": 178279,
    "scriptCount": 3,
    "document": 50595,
    "font": 143348,
    "fontCount": 4,
    "stylesheet": 13990,
    "stylesheetCount": 1,
    "thirdParty": 18951,
    "thirdPartyCount": 2
  },
  "axe": {
    "passes": 774,
    "violations": 38
  }
}