{
  "url": "https://gridsome.org/",
  "requestedUrl": "https://gridsome.org/",
  "timestamp": 1603173857682,
  "ranks": {
    "hundos": 8,
    "performance": 9,
    "accessibility": 8,
    "cumulative": 9
  },
  "lighthouse": {
    "version": "6.4.1",
    "performance": 0.67,
    "accessibility": 0.97,
    "bestPractices": 1,
    "seo": 0.92,
    "total": 356
  },
  "firstContentfulPaint": 1957,
  "speedIndex": 2191.8324806865958,
  "largestContentfulPaint": 6032.011758804321,
  "totalBlockingTime": 290.9882411956787,
  "cumulativeLayoutShift": 0.9451431333753797,
  "timeToInteractive": 4590.011758804321,
  "maxPotentialFirstInputDelay": 449,
  "timeToFirstByte": 90.44999999999999,
  "weight": {
    "summary": "103 requests • 974 KiB",
    "total": 997138,
    "image": 0,
    "imageCount": 0,
    "script": 178074,
    "scriptCount": 3,
    "document": 50593,
    "font": 143338,
    "fontCount": 4,
    "stylesheet": 14022,
    "stylesheetCount": 1,
    "thirdParty": 18784,
    "thirdPartyCount": 2
  },
  "axe": {
    "passes": 782,
    "violations": 31
  }
}