{
  "url": "https://gridsome.org/",
  "requestedUrl": "https://gridsome.org/",
  "timestamp": 1602482577811,
  "ranks": {
    "hundos": 10,
    "performance": 9,
    "accessibility": 7,
    "cumulative": 10
  },
  "lighthouse": {
    "version": "6.4.1",
    "performance": 0.64,
    "accessibility": 0.97,
    "bestPractices": 1,
    "seo": 0.92,
    "total": 353
  },
  "firstContentfulPaint": 1898.187,
  "speedIndex": 2100.493894073109,
  "largestContentfulPaint": 5768.198758804321,
  "totalBlockingTime": 600.4882411956787,
  "cumulativeLayoutShift": 0.056526121139526375,
  "timeToInteractive": 4084.698758804321,
  "maxPotentialFirstInputDelay": 449,
  "timeToFirstByte": 110.076,
  "weight": {
    "summary": "103 requests • 974 KiB",
    "total": 997239,
    "image": 0,
    "imageCount": 0,
    "script": 178109,
    "scriptCount": 3,
    "document": 50595,
    "font": 143352,
    "fontCount": 4,
    "stylesheet": 14023,
    "stylesheetCount": 1,
    "thirdParty": 18784,
    "thirdPartyCount": 2
  },
  "axe": {
    "passes": 782,
    "violations": 31
  }
}