{
  "url": "https://gridsome.org/",
  "requestedUrl": "https://gridsome.org/",
  "timestamp": 1601877869657,
  "ranks": {
    "hundos": 9,
    "performance": 9,
    "accessibility": 7,
    "cumulative": 9
  },
  "lighthouse": {
    "version": "6.4.1",
    "performance": 0.73,
    "accessibility": 0.97,
    "bestPractices": 1,
    "seo": 0.92,
    "total": 362
  },
  "firstContentfulPaint": 1427.037,
  "speedIndex": 1427.037,
  "largestContentfulPaint": 5693.048758804322,
  "totalBlockingTime": 161,
  "cumulativeLayoutShift": 0.9882121685875787,
  "timeToInteractive": 3072.0487588043216,
  "maxPotentialFirstInputDelay": 260,
  "timeToFirstByte": 8.522999999999996,
  "weight": {
    "summary": "103 requests • 968 KiB",
    "total": 991324,
    "image": 0,
    "imageCount": 0,
    "script": 178131,
    "scriptCount": 3,
    "document": 50590,
    "font": 143346,
    "fontCount": 4,
    "stylesheet": 13990,
    "stylesheetCount": 1,
    "thirdParty": 18782,
    "thirdPartyCount": 2
  },
  "axe": {
    "passes": 782,
    "violations": 31
  }
}