{
  "url": "https://gridsome.org/",
  "requestedUrl": "https://gridsome.org/",
  "timestamp": 1605938741805,
  "ranks": {
    "hundos": 8,
    "performance": 10,
    "accessibility": 8,
    "cumulative": 8
  },
  "lighthouse": {
    "version": "6.4.1",
    "performance": 0.62,
    "accessibility": 0.97,
    "bestPractices": 1,
    "seo": 0.92,
    "total": 351
  },
  "firstContentfulPaint": 1275.653,
  "speedIndex": 1416.3524768850175,
  "largestContentfulPaint": 5756.6647588043215,
  "totalBlockingTime": 551,
  "cumulativeLayoutShift": 0.9997547622256808,
  "timeToInteractive": 3244.6647588043215,
  "maxPotentialFirstInputDelay": 332,
  "timeToFirstByte": 10.855999999999998,
  "weight": {
    "summary": "103 requests • 978 KiB",
    "total": 1001149,
    "image": 0,
    "imageCount": 0,
    "script": 178278,
    "scriptCount": 3,
    "document": 54078,
    "font": 143340,
    "fontCount": 4,
    "stylesheet": 13990,
    "stylesheetCount": 1,
    "thirdParty": 18951,
    "thirdPartyCount": 2
  },
  "axe": {
    "passes": 774,
    "violations": 38
  }
}