{
  "url": "https://gridsome.org/",
  "requestedUrl": "https://gridsome.org/",
  "timestamp": 1606888953552,
  "ranks": {
    "hundos": 7,
    "performance": 10,
    "accessibility": 8,
    "cumulative": 7
  },
  "lighthouse": {
    "version": "6.5.0",
    "performance": 0.68,
    "accessibility": 0.97,
    "bestPractices": 1,
    "seo": 0.92,
    "total": 357
  },
  "firstContentfulPaint": 1258.246,
  "speedIndex": 1368.8878280280683,
  "largestContentfulPaint": 5626.257758804321,
  "totalBlockingTime": 397.4882411956787,
  "cumulativeLayoutShift": 0.9997547622256808,
  "timeToInteractive": 3138.7577588043214,
  "maxPotentialFirstInputDelay": 221,
  "timeToFirstByte": 13.135999999999996,
  "weight": {
    "summary": "103 requests • 979 KiB",
    "total": 1002391,
    "image": 0,
    "imageCount": 0,
    "script": 178273,
    "scriptCount": 3,
    "document": 50594,
    "font": 148186,
    "fontCount": 4,
    "stylesheet": 14019,
    "stylesheetCount": 1,
    "thirdParty": 18951,
    "thirdPartyCount": 2
  },
  "axe": {
    "passes": 774,
    "violations": 38
  }
}