{
  "url": "https://gridsome.org/",
  "requestedUrl": "https://gridsome.org/",
  "timestamp": 1606284155738,
  "ranks": {
    "hundos": 7,
    "performance": 10,
    "accessibility": 8,
    "cumulative": 7
  },
  "lighthouse": {
    "version": "6.4.1",
    "performance": 0.64,
    "accessibility": 0.97,
    "bestPractices": 1,
    "seo": 0.92,
    "total": 353
  },
  "firstContentfulPaint": 1300.024,
  "speedIndex": 1300.024,
  "largestContentfulPaint": 5715.035758804321,
  "totalBlockingTime": 494.9882411956787,
  "cumulativeLayoutShift": 0.9806990523868135,
  "timeToInteractive": 3259.035758804321,
  "maxPotentialFirstInputDelay": 380,
  "timeToFirstByte": 13.645000000000003,
  "weight": {
    "summary": "103 requests • 979 KiB",
    "total": 1002008,
    "image": 0,
    "imageCount": 0,
    "script": 178309,
    "scriptCount": 3,
    "document": 54079,
    "font": 143371,
    "fontCount": 4,
    "stylesheet": 13991,
    "stylesheetCount": 1,
    "thirdParty": 18951,
    "thirdPartyCount": 2
  },
  "axe": {
    "passes": 774,
    "violations": 38
  }
}