{
  "url": "https://gridsome.org/",
  "requestedUrl": "https://gridsome.org/",
  "timestamp": 1605593037988,
  "ranks": {
    "hundos": 7,
    "performance": 9,
    "accessibility": 8,
    "cumulative": 7
  },
  "lighthouse": {
    "version": "6.4.1",
    "performance": 0.68,
    "accessibility": 0.97,
    "bestPractices": 1,
    "seo": 0.92,
    "total": 357
  },
  "firstContentfulPaint": 1939.865,
  "speedIndex": 2002.6589818115394,
  "largestContentfulPaint": 5039.876758804321,
  "totalBlockingTime": 413.9882411956785,
  "cumulativeLayoutShift": 0.9542718469831678,
  "timeToInteractive": 3738.876758804321,
  "maxPotentialFirstInputDelay": 206,
  "timeToFirstByte": 89.512,
  "weight": {
    "summary": "104 requests • 974 KiB",
    "total": 997416,
    "image": 63,
    "imageCount": 1,
    "script": 178239,
    "scriptCount": 3,
    "document": 50595,
    "font": 143349,
    "fontCount": 4,
    "stylesheet": 14023,
    "stylesheetCount": 1,
    "thirdParty": 19014,
    "thirdPartyCount": 3
  },
  "axe": {
    "passes": 774,
    "violations": 38
  }
}