{
  "url": "https://gridsome.org/",
  "requestedUrl": "https://gridsome.org/",
  "timestamp": 1604815338051,
  "ranks": {
    "hundos": 9,
    "performance": 10,
    "accessibility": 8,
    "cumulative": 9
  },
  "lighthouse": {
    "version": "6.4.1",
    "performance": 0.58,
    "accessibility": 0.97,
    "bestPractices": 1,
    "seo": 0.92,
    "total": 347
  },
  "firstContentfulPaint": 1236.857,
  "speedIndex": 1245.4063802031355,
  "largestContentfulPaint": 5772.868758804321,
  "totalBlockingTime": 679.9882411956787,
  "cumulativeLayoutShift": 0.9997547622256808,
  "timeToInteractive": 3387.8687588043213,
  "maxPotentialFirstInputDelay": 585,
  "timeToFirstByte": 7.812000000000001,
  "weight": {
    "summary": "103 requests • 974 KiB",
    "total": 997638,
    "image": 0,
    "imageCount": 0,
    "script": 178275,
    "scriptCount": 3,
    "document": 50595,
    "font": 143348,
    "fontCount": 4,
    "stylesheet": 14019,
    "stylesheetCount": 1,
    "thirdParty": 18951,
    "thirdPartyCount": 2
  },
  "axe": {
    "passes": 782,
    "violations": 31
  }
}