{
  "url": "https://gridsome.org/",
  "requestedUrl": "https://gridsome.org/",
  "timestamp": 1601705179855,
  "ranks": {
    "hundos": 10,
    "performance": 11,
    "accessibility": 7,
    "cumulative": 10
  },
  "lighthouse": {
    "version": "6.4.1",
    "performance": 0.6,
    "accessibility": 0.97,
    "bestPractices": 1,
    "seo": 0.92,
    "total": 349
  },
  "firstContentfulPaint": 1347.343,
  "speedIndex": 1593.3578378589737,
  "largestContentfulPaint": 5775.354758804321,
  "totalBlockingTime": 624.4882411956787,
  "cumulativeLayoutShift": 0.9882121685875787,
  "timeToInteractive": 3404.854758804321,
  "maxPotentialFirstInputDelay": 271,
  "timeToFirstByte": 14.066000000000003,
  "weight": {
    "summary": "103 requests • 968 KiB",
    "total": 991293,
    "image": 0,
    "imageCount": 0,
    "script": 178081,
    "scriptCount": 3,
    "document": 50590,
    "font": 143342,
    "fontCount": 4,
    "stylesheet": 13990,
    "stylesheetCount": 1,
    "thirdParty": 18782,
    "thirdPartyCount": 2
  },
  "axe": {
    "passes": 782,
    "violations": 31
  }
}