{
  "url": "https://gridsome.org/",
  "requestedUrl": "https://gridsome.org/",
  "timestamp": 1602655352729,
  "ranks": {
    "hundos": 9,
    "performance": 9,
    "accessibility": 8,
    "cumulative": 9
  },
  "lighthouse": {
    "version": "6.4.1",
    "performance": 0.69,
    "accessibility": 0.97,
    "bestPractices": 1,
    "seo": 0.92,
    "total": 358
  },
  "firstContentfulPaint": 1232.537,
  "speedIndex": 1419.2170632469226,
  "largestContentfulPaint": 5690.548758804322,
  "totalBlockingTime": 352.5,
  "cumulativeLayoutShift": 0.9882121685875787,
  "timeToInteractive": 3226.0487588043216,
  "maxPotentialFirstInputDelay": 192,
  "timeToFirstByte": 13.457999999999998,
  "weight": {
    "summary": "103 requests • 974 KiB",
    "total": 997469,
    "image": 0,
    "imageCount": 0,
    "script": 178110,
    "scriptCount": 3,
    "document": 50596,
    "font": 143356,
    "fontCount": 4,
    "stylesheet": 14020,
    "stylesheetCount": 1,
    "thirdParty": 18784,
    "thirdPartyCount": 2
  },
  "axe": {
    "passes": 782,
    "violations": 31
  }
}