{
  "url": "https://gridsome.org/",
  "requestedUrl": "https://gridsome.org/",
  "timestamp": 1603951581751,
  "ranks": {
    "hundos": 9,
    "performance": 10,
    "accessibility": 8,
    "cumulative": 9
  },
  "lighthouse": {
    "version": "6.4.1",
    "performance": 0.7,
    "accessibility": 0.97,
    "bestPractices": 1,
    "seo": 0.92,
    "total": 359
  },
  "firstContentfulPaint": 1268.113,
  "speedIndex": 1268.113,
  "largestContentfulPaint": 5593.124758804322,
  "totalBlockingTime": 349.5,
  "cumulativeLayoutShift": 0.9997547622256808,
  "timeToInteractive": 3210.1247588043216,
  "maxPotentialFirstInputDelay": 409,
  "timeToFirstByte": 14.207,
  "weight": {
    "summary": "103 requests • 974 KiB",
    "total": 997360,
    "image": 0,
    "imageCount": 0,
    "script": 178109,
    "scriptCount": 3,
    "document": 50596,
    "font": 143349,
    "fontCount": 4,
    "stylesheet": 13991,
    "stylesheetCount": 1,
    "thirdParty": 18784,
    "thirdPartyCount": 2
  },
  "axe": {
    "passes": 782,
    "violations": 31
  }
}