{
  "url": "https://gridsome.org/",
  "requestedUrl": "https://gridsome.org/",
  "timestamp": 1599804390211,
  "ranks": {
    "hundos": 9,
    "performance": 9,
    "accessibility": 8,
    "cumulative": 9
  },
  "lighthouse": {
    "version": "6.3.0",
    "performance": 0.69,
    "accessibility": 0.97,
    "bestPractices": 1,
    "seo": 0.92,
    "total": 358
  },
  "firstContentfulPaint": 1772.103,
  "speedIndex": 2150.1209151017274,
  "largestContentfulPaint": 4550.114758804321,
  "totalBlockingTime": 599,
  "cumulativeLayoutShift": 0.0170432874891493,
  "timeToInteractive": 3863.1147588043214,
  "maxPotentialFirstInputDelay": 262,
  "timeToFirstByte": 102.19800000000001,
  "weight": {
    "summary": "103 requests • 968 KiB",
    "total": 991066,
    "image": 0,
    "imageCount": 0,
    "script": 177815,
    "scriptCount": 3,
    "document": 50584,
    "font": 143375,
    "fontCount": 4,
    "stylesheet": 13990,
    "stylesheetCount": 1,
    "thirdParty": 18454,
    "thirdPartyCount": 2
  },
  "axe": {
    "passes": 782,
    "violations": 31
  }
}