{
  "url": "https://gridsome.org/",
  "requestedUrl": "https://gridsome.org/",
  "timestamp": 1600581998612,
  "ranks": {
    "hundos": 9,
    "performance": 11,
    "accessibility": 8,
    "cumulative": 9
  },
  "lighthouse": {
    "version": "6.3.0",
    "performance": 0.62,
    "accessibility": 0.97,
    "bestPractices": 1,
    "seo": 0.92,
    "total": 351
  },
  "firstContentfulPaint": 1276.491,
  "speedIndex": 1276.491,
  "largestContentfulPaint": 5640.502758804321,
  "totalBlockingTime": 564.9882411956787,
  "cumulativeLayoutShift": 0.9882121685875787,
  "timeToInteractive": 3379.5027588043213,
  "maxPotentialFirstInputDelay": 394,
  "timeToFirstByte": 14.197000000000003,
  "weight": {
    "summary": "103 requests • 968 KiB",
    "total": 991423,
    "image": 0,
    "imageCount": 0,
    "script": 178132,
    "scriptCount": 3,
    "document": 50590,
    "font": 143358,
    "fontCount": 4,
    "stylesheet": 13989,
    "stylesheetCount": 1,
    "thirdParty": 18782,
    "thirdPartyCount": 2
  },
  "axe": {
    "passes": 782,
    "violations": 31
  }
}