{
  "url": "https://gridsome.org/",
  "requestedUrl": "https://gridsome.org/",
  "timestamp": 1602568939879,
  "ranks": {
    "hundos": 9,
    "performance": 9,
    "accessibility": 7,
    "cumulative": 9
  },
  "lighthouse": {
    "version": "6.4.1",
    "performance": 0.66,
    "accessibility": 0.97,
    "bestPractices": 1,
    "seo": 0.92,
    "total": 355
  },
  "firstContentfulPaint": 1210.421,
  "speedIndex": 1485.0562579695038,
  "largestContentfulPaint": 5570.432758804322,
  "totalBlockingTime": 452.9882411956787,
  "cumulativeLayoutShift": 0.9882121685875787,
  "timeToInteractive": 3115.4327588043216,
  "maxPotentialFirstInputDelay": 243,
  "timeToFirstByte": 13.455000000000005,
  "weight": {
    "summary": "103 requests • 974 KiB",
    "total": 997272,
    "image": 0,
    "imageCount": 0,
    "script": 178109,
    "scriptCount": 3,
    "document": 50596,
    "font": 143331,
    "fontCount": 4,
    "stylesheet": 13991,
    "stylesheetCount": 1,
    "thirdParty": 18784,
    "thirdPartyCount": 2
  },
  "axe": {
    "passes": 782,
    "violations": 31
  }
}