{
  "url": "https://gridsome.org/",
  "requestedUrl": "https://gridsome.org/",
  "timestamp": 1604729127138,
  "ranks": {
    "hundos": 7,
    "performance": 8,
    "accessibility": 8,
    "cumulative": 7
  },
  "lighthouse": {
    "version": "6.4.1",
    "performance": 0.71,
    "accessibility": 0.97,
    "bestPractices": 1,
    "seo": 0.92,
    "total": 360
  },
  "firstContentfulPaint": 1492.949,
  "speedIndex": 1492.949,
  "largestContentfulPaint": 5778.960758804322,
  "totalBlockingTime": 269.9882411956787,
  "cumulativeLayoutShift": 0.9806990523868135,
  "timeToInteractive": 3162.9607588043214,
  "maxPotentialFirstInputDelay": 306,
  "timeToFirstByte": 8.553,
  "weight": {
    "summary": "103 requests • 1,012 KiB",
    "total": 1036484,
    "image": 0,
    "imageCount": 0,
    "script": 178274,
    "scriptCount": 3,
    "document": 50595,
    "font": 143347,
    "fontCount": 4,
    "stylesheet": 13995,
    "stylesheetCount": 1,
    "thirdParty": 18951,
    "thirdPartyCount": 2
  },
  "axe": {
    "passes": 782,
    "violations": 31
  }
}