{
  "url": "https://gridsome.org/",
  "requestedUrl": "https://gridsome.org/",
  "timestamp": 1601013922837,
  "ranks": {
    "hundos": 8,
    "performance": 8,
    "accessibility": 7,
    "cumulative": 8
  },
  "lighthouse": {
    "version": "6.3.0",
    "performance": 0.8,
    "accessibility": 0.97,
    "bestPractices": 1,
    "seo": 0.92,
    "total": 369
  },
  "firstContentfulPaint": 1560.939,
  "speedIndex": 1704.9202351060417,
  "largestContentfulPaint": 4035.9507588043216,
  "totalBlockingTime": 215.9882411956787,
  "cumulativeLayoutShift": 0.9451431333753797,
  "timeToInteractive": 3304.9507588043216,
  "maxPotentialFirstInputDelay": 328,
  "timeToFirstByte": 90.14600000000002,
  "weight": {
    "summary": "103 requests • 968 KiB",
    "total": 991184,
    "image": 0,
    "imageCount": 0,
    "script": 178080,
    "scriptCount": 3,
    "document": 50589,
    "font": 143324,
    "fontCount": 4,
    "stylesheet": 13990,
    "stylesheetCount": 1,
    "thirdParty": 18782,
    "thirdPartyCount": 2
  },
  "axe": {
    "passes": 782,
    "violations": 31
  }
}