{
  "url": "https://gridsome.org/",
  "requestedUrl": "https://gridsome.org/",
  "timestamp": 1599285814181,
  "ranks": {
    "hundos": 7,
    "performance": 9,
    "accessibility": 8,
    "cumulative": 7
  },
  "lighthouse": {
    "version": "6.3.0",
    "performance": 0.79,
    "accessibility": 0.97,
    "bestPractices": 1,
    "seo": 0.92,
    "total": 368
  },
  "firstContentfulPaint": 1415.641,
  "speedIndex": 1415.641,
  "largestContentfulPaint": 5595.652758804321,
  "totalBlockingTime": 112.5,
  "cumulativeLayoutShift": 0.022846455891927082,
  "timeToInteractive": 3014.6527588043214,
  "maxPotentialFirstInputDelay": 196,
  "timeToFirstByte": 13.546999999999997,
  "weight": {
    "summary": "103 requests • 967 KiB",
    "total": 990580,
    "image": 0,
    "imageCount": 0,
    "script": 177791,
    "scriptCount": 3,
    "document": 50591,
    "font": 143331,
    "fontCount": 4,
    "stylesheet": 14019,
    "stylesheetCount": 1,
    "thirdParty": 18454,
    "thirdPartyCount": 2
  },
  "axe": {
    "passes": 782,
    "violations": 31
  }
}