{
  "url": "https://gridsome.org/",
  "requestedUrl": "https://gridsome.org/",
  "timestamp": 1601186648749,
  "ranks": {
    "hundos": 9,
    "performance": 9,
    "accessibility": 7,
    "cumulative": 9
  },
  "lighthouse": {
    "version": "6.3.0",
    "performance": 0.66,
    "accessibility": 0.97,
    "bestPractices": 1,
    "seo": 0.92,
    "total": 355
  },
  "firstContentfulPaint": 1631.667,
  "speedIndex": 1950.3730816824543,
  "largestContentfulPaint": 6050.678758804321,
  "totalBlockingTime": 406.5,
  "cumulativeLayoutShift": 0.9544600355360242,
  "timeToInteractive": 3727.178758804321,
  "maxPotentialFirstInputDelay": 421,
  "timeToFirstByte": 108.411,
  "weight": {
    "summary": "103 requests • 968 KiB",
    "total": 991220,
    "image": 0,
    "imageCount": 0,
    "script": 178104,
    "scriptCount": 3,
    "document": 50590,
    "font": 143342,
    "fontCount": 4,
    "stylesheet": 13990,
    "stylesheetCount": 1,
    "thirdParty": 18782,
    "thirdPartyCount": 2
  },
  "axe": {
    "passes": 782,
    "violations": 31
  }
}