{
  "url": "https://gridsome.org/",
  "requestedUrl": "https://gridsome.org/",
  "timestamp": 1599977141252,
  "ranks": {
    "hundos": 10,
    "performance": 11,
    "accessibility": 8,
    "cumulative": 10
  },
  "lighthouse": {
    "version": "6.3.0",
    "performance": 0.61,
    "accessibility": 0.97,
    "bestPractices": 1,
    "seo": 0.92,
    "total": 350
  },
  "firstContentfulPaint": 1257.301,
  "speedIndex": 1347.746539692849,
  "largestContentfulPaint": 5638.312758804321,
  "totalBlockingTime": 598.9882411956787,
  "cumulativeLayoutShift": 0.9882121685875787,
  "timeToInteractive": 3237.312758804321,
  "maxPotentialFirstInputDelay": 380,
  "timeToFirstByte": 10.096,
  "weight": {
    "summary": "103 requests • 968 KiB",
    "total": 991017,
    "image": 0,
    "imageCount": 0,
    "script": 177788,
    "scriptCount": 3,
    "document": 50585,
    "font": 143369,
    "fontCount": 4,
    "stylesheet": 13990,
    "stylesheetCount": 1,
    "thirdParty": 18454,
    "thirdPartyCount": 2
  },
  "axe": {
    "passes": 782,
    "violations": 31
  }
}