{
  "url": "https://www.californiaclosets.com/commercial-spaces/",
  "requestedUrl": "https://www.californiaclosets.com/commercial-spaces/",
  "timestamp": 1702216350735,
  "ranks": {
    "hundos": 12,
    "performance": 8,
    "accessibility": 23,
    "cumulative": 11
  },
  "lighthouse": {
    "version": "9.6.8",
    "performance": 0.62,
    "accessibility": 0.81,
    "bestPractices": 1,
    "seo": 0.89,
    "total": 332
  },
  "firstContentfulPaint": 2895.2560000000003,
  "firstMeaningfulPaint": 2895.2560000000003,
  "speedIndex": 3435.459368223857,
  "largestContentfulPaint": 4256.974,
  "totalBlockingTime": 177.5,
  "cumulativeLayoutShift": 0.32717015753851997,
  "timeToInteractive": 8649.144999999999,
  "maxPotentialFirstInputDelay": 103,
  "timeToFirstByte": 11.559000000000001,
  "weight": {
    "summary": "101 requests • 1,101 KiB",
    "total": 1127174,
    "image": 286147,
    "imageCount": 24,
    "script": 385050,
    "scriptCount": 47,
    "document": 66039,
    "font": 196064,
    "fontCount": 11,
    "stylesheet": 179189,
    "stylesheetCount": 7,
    "thirdParty": 731205,
    "thirdPartyCount": 44
  },
  "run": {
    "number": 2,
    "total": 3
  },
  "sidequests": {
    "-weight.total": 12,
    "+weight.total": 26,
    "-weight.document": 14,
    "+weight.document": 24,
    "-weight.script": 22,
    "+weight.script": 16,
    "-weight.image": 10,
    "+weight.image": 28,
    "-weight.font": 12,
    "+weight.font": 4,
    "+weight.fontCount": 2,
    "-timeToFirstByte": 14,
    "-totalBlockingTime": 15,
    "-largestContentfulPaint": 19
  },
  "axe": {
    "passes": 1104,
    "violations": 7
  }
}