{
  "url": "https://www.californiaclosets.com/commercial-spaces/",
  "requestedUrl": "https://www.californiaclosets.com/commercial-spaces/",
  "timestamp": 1692538250754,
  "ranks": {
    "hundos": 17,
    "performance": 19,
    "accessibility": 31,
    "cumulative": 17
  },
  "lighthouse": {
    "version": "9.6.8",
    "performance": 0.47,
    "accessibility": 0.83,
    "bestPractices": 1,
    "seo": 0.89,
    "total": 319
  },
  "firstContentfulPaint": 2998.1669999999995,
  "firstMeaningfulPaint": 3244.9809999999998,
  "speedIndex": 4655.848416965937,
  "largestContentfulPaint": 5345.47,
  "totalBlockingTime": 389.5,
  "cumulativeLayoutShift": 0.32706612205505375,
  "timeToInteractive": 7913.909999999998,
  "maxPotentialFirstInputDelay": 312,
  "timeToFirstByte": 33.50000000000001,
  "weight": {
    "summary": "110 requests • 1,143 KiB",
    "total": 1170842,
    "image": 334790,
    "imageCount": 27,
    "script": 411093,
    "scriptCount": 53,
    "document": 65522,
    "font": 172225,
    "fontCount": 12,
    "stylesheet": 174616,
    "stylesheetCount": 7,
    "thirdParty": 762492,
    "thirdPartyCount": 54
  },
  "run": {
    "number": 3,
    "total": 3
  },
  "sidequests": {
    "-weight.total": 11,
    "+weight.total": 27,
    "-weight.document": 13,
    "+weight.document": 25,
    "-weight.script": 11,
    "+weight.script": 27,
    "-weight.image": 9,
    "+weight.image": 29,
    "-weight.font": 17,
    "+weight.font": 7,
    "+weight.fontCount": 2,
    "-timeToFirstByte": 36,
    "-totalBlockingTime": 14,
    "-largestContentfulPaint": 20
  },
  "axe": {
    "passes": 1234,
    "violations": 9
  }
}