{
  "url": "https://www.californiaclosets.com/commercial-spaces/",
  "requestedUrl": "https://www.californiaclosets.com/commercial-spaces/",
  "timestamp": 1707657370578,
  "ranks": {
    "hundos": 23,
    "performance": 20,
    "accessibility": 36,
    "cumulative": 28
  },
  "lighthouse": {
    "version": "9.6.8",
    "performance": 0.71,
    "accessibility": 0.79,
    "bestPractices": 1,
    "seo": 0.9,
    "total": 342
  },
  "firstContentfulPaint": 3062.179,
  "firstMeaningfulPaint": 3062.179,
  "speedIndex": 3284.1960528136606,
  "largestContentfulPaint": 4552.069,
  "totalBlockingTime": 143.5,
  "cumulativeLayoutShift": 0.0047016934288872615,
  "timeToInteractive": 7677.960000000001,
  "maxPotentialFirstInputDelay": 128,
  "timeToFirstByte": 33.722,
  "weight": {
    "summary": "103 requests • 1,446 KiB",
    "total": 1480678,
    "image": 537358,
    "imageCount": 28,
    "script": 405556,
    "scriptCount": 47,
    "document": 81723,
    "font": 260793,
    "fontCount": 11,
    "stylesheet": 180454,
    "stylesheetCount": 5,
    "thirdParty": 973348,
    "thirdPartyCount": 46
  },
  "run": {
    "number": 3,
    "total": 3
  },
  "sidequests": {
    "-weight.total": 26,
    "+weight.total": 12,
    "-weight.document": 22,
    "+weight.document": 16,
    "-weight.script": 22,
    "+weight.script": 16,
    "-weight.image": 28,
    "+weight.image": 10,
    "-weight.font": 25,
    "+weight.font": 10,
    "+weight.fontCount": 3,
    "-timeToFirstByte": 34,
    "-totalBlockingTime": 20,
    "-largestContentfulPaint": 23
  },
  "axe": {
    "passes": 1054,
    "violations": 6
  }
}