{
  "url": "https://www.californiaclosets.com/commercial-spaces/",
  "requestedUrl": "https://www.californiaclosets.com/commercial-spaces/",
  "timestamp": 1699190981791,
  "ranks": {
    "hundos": 27,
    "performance": 20,
    "accessibility": 23,
    "cumulative": 27
  },
  "lighthouse": {
    "version": "9.6.8",
    "performance": 0.6,
    "accessibility": 0.81,
    "bestPractices": 1,
    "seo": 0.89,
    "total": 330
  },
  "firstContentfulPaint": 2894.496,
  "firstMeaningfulPaint": 2894.496,
  "speedIndex": 3485.7956257057244,
  "largestContentfulPaint": 5024.570000000001,
  "totalBlockingTime": 135,
  "cumulativeLayoutShift": 0.3270053200191922,
  "timeToInteractive": 6514.543500000001,
  "maxPotentialFirstInputDelay": 103,
  "timeToFirstByte": 12.07,
  "weight": {
    "summary": "98 requests • 1,101 KiB",
    "total": 1127537,
    "image": 286004,
    "imageCount": 24,
    "script": 386483,
    "scriptCount": 45,
    "document": 65645,
    "font": 196060,
    "fontCount": 11,
    "stylesheet": 179165,
    "stylesheetCount": 7,
    "thirdParty": 728960,
    "thirdPartyCount": 44
  },
  "run": {
    "number": 1,
    "total": 3
  },
  "sidequests": {
    "-weight.total": 12,
    "+weight.total": 26,
    "-weight.document": 12,
    "+weight.document": 26,
    "-weight.script": 14,
    "+weight.script": 24,
    "-weight.image": 9,
    "+weight.image": 29,
    "-weight.font": 15,
    "+weight.font": 8,
    "+weight.fontCount": 2,
    "-timeToFirstByte": 20,
    "-totalBlockingTime": 7,
    "-largestContentfulPaint": 28
  },
  "axe": {
    "passes": 1069,
    "violations": 5
  }
}