{
  "url": "https://www.californiaclosets.com/commercial-spaces/",
  "requestedUrl": "https://www.californiaclosets.com/commercial-spaces/",
  "timestamp": 1705237571925,
  "ranks": {
    "hundos": 19,
    "performance": 8,
    "accessibility": 35,
    "cumulative": 17
  },
  "lighthouse": {
    "version": "9.6.8",
    "performance": 0.68,
    "accessibility": 0.79,
    "bestPractices": 1,
    "seo": 0.9,
    "total": 337
  },
  "firstContentfulPaint": 2839.0429999999997,
  "firstMeaningfulPaint": 2839.0429999999997,
  "speedIndex": 3089.7685380078287,
  "largestContentfulPaint": 4962.048500000001,
  "totalBlockingTime": 158.5,
  "cumulativeLayoutShift": 0.03996232456631131,
  "timeToInteractive": 9670.608000000002,
  "maxPotentialFirstInputDelay": 104,
  "timeToFirstByte": 21.364,
  "weight": {
    "summary": "101 requests • 1,290 KiB",
    "total": 1320465,
    "image": 278742,
    "imageCount": 23,
    "script": 391445,
    "scriptCount": 47,
    "document": 65637,
    "font": 379384,
    "fontCount": 13,
    "stylesheet": 190617,
    "stylesheetCount": 6,
    "thirdParty": 923317,
    "thirdPartyCount": 46
  },
  "run": {
    "number": 2,
    "total": 3
  },
  "sidequests": {
    "-weight.total": 11,
    "+weight.total": 27,
    "-weight.document": 12,
    "+weight.document": 26,
    "-weight.script": 26,
    "+weight.script": 12,
    "-weight.image": 12,
    "+weight.image": 26,
    "-weight.font": 32,
    "+weight.font": 4,
    "+weight.fontCount": 2,
    "-timeToFirstByte": 29,
    "-totalBlockingTime": 3,
    "-largestContentfulPaint": 11
  },
  "axe": {
    "passes": 1055,
    "violations": 6
  }
}