{
  "url": "https://www.californiaclosets.ca/en/location/edmonton/murphy-bed-edmonton/",
  "requestedUrl": "https://www.californiaclosets.ca/en/location/edmonton/murphy-bed-edmonton/",
  "timestamp": 1688907206972,
  "ranks": {
    "hundos": 6,
    "performance": 5,
    "accessibility": 3,
    "cumulative": 6
  },
  "lighthouse": {
    "version": "9.6.8",
    "performance": 0.44,
    "accessibility": 0.93,
    "bestPractices": 0.92,
    "seo": 0.82,
    "total": 311
  },
  "firstContentfulPaint": 3279.745,
  "firstMeaningfulPaint": 5137.238999999998,
  "speedIndex": 5782.828687761081,
  "largestContentfulPaint": 7024.5175,
  "totalBlockingTime": 521,
  "cumulativeLayoutShift": 0.038829973644680445,
  "timeToInteractive": 11856.171000000002,
  "maxPotentialFirstInputDelay": 245,
  "timeToFirstByte": 1324.6789999999999,
  "weight": {
    "summary": "127 requests • 2,002 KiB",
    "total": 2050351,
    "image": 519085,
    "imageCount": 28,
    "script": 1165515,
    "scriptCount": 60,
    "document": 56371,
    "font": 192485,
    "fontCount": 9,
    "stylesheet": 114013,
    "stylesheetCount": 17,
    "thirdParty": 1718468,
    "thirdPartyCount": 81
  },
  "run": {
    "number": 3,
    "total": 3
  },
  "sidequests": {
    "-weight.total": 2,
    "+weight.total": 24,
    "-weight.document": 2,
    "+weight.document": 24,
    "-weight.script": 14,
    "+weight.script": 12,
    "-weight.image": 2,
    "+weight.image": 24,
    "-weight.font": 2,
    "+weight.font": 22,
    "+weight.fontCount": 4,
    "-timeToFirstByte": 6,
    "-totalBlockingTime": 1,
    "-largestContentfulPaint": 13
  },
  "axe": {
    "passes": 1064,
    "violations": 12
  }
}