{
  "url": "https://www.californiaclosets.ca/en/location/edmonton/murphy-bed-edmonton/",
  "requestedUrl": "https://www.californiaclosets.ca/en/location/edmonton/murphy-bed-edmonton/",
  "timestamp": 1702214219834,
  "ranks": {
    "hundos": 8,
    "performance": 10,
    "accessibility": 3,
    "cumulative": 9
  },
  "lighthouse": {
    "version": "9.6.8",
    "performance": 0.45,
    "accessibility": 0.93,
    "bestPractices": 0.92,
    "seo": 0.82,
    "total": 312
  },
  "firstContentfulPaint": 3248.9395000000004,
  "firstMeaningfulPaint": 4127.164,
  "speedIndex": 4749.888880075328,
  "largestContentfulPaint": 8422.592499999999,
  "totalBlockingTime": 394.0935000000011,
  "cumulativeLayoutShift": 0.14397791947258845,
  "timeToInteractive": 12575.2555,
  "maxPotentialFirstInputDelay": 217,
  "timeToFirstByte": 1275.056,
  "weight": {
    "summary": "123 requests • 1,777 KiB",
    "total": 1819465,
    "image": 511497,
    "imageCount": 25,
    "script": 923433,
    "scriptCount": 54,
    "document": 58935,
    "font": 192688,
    "fontCount": 9,
    "stylesheet": 117210,
    "stylesheetCount": 18,
    "thirdParty": 1488694,
    "thirdPartyCount": 77
  },
  "run": {
    "number": 3,
    "total": 3
  },
  "sidequests": {
    "-weight.total": 2,
    "+weight.total": 24,
    "-weight.document": 2,
    "+weight.document": 24,
    "-weight.script": 23,
    "+weight.script": 3,
    "-weight.image": 2,
    "+weight.image": 24,
    "-weight.font": 3,
    "+weight.font": 22,
    "+weight.fontCount": 4,
    "-timeToFirstByte": 2,
    "-totalBlockingTime": 6,
    "-largestContentfulPaint": 23
  },
  "axe": {
    "passes": 1066,
    "violations": 12
  }
}