{
  "url": "https://www.californiaclosets.ca/en/location/edmonton/murphy-bed-edmonton/",
  "requestedUrl": "https://www.californiaclosets.ca/en/location/edmonton/murphy-bed-edmonton/",
  "timestamp": 1694955085847,
  "ranks": {
    "hundos": 6,
    "performance": 7,
    "accessibility": 3,
    "cumulative": 6
  },
  "lighthouse": {
    "version": "9.6.8",
    "performance": 0.44,
    "accessibility": 0.93,
    "bestPractices": 0.92,
    "seo": 0.82,
    "total": 311
  },
  "firstContentfulPaint": 3158.0409999999997,
  "firstMeaningfulPaint": 3824.7244999999994,
  "speedIndex": 4931.782585215208,
  "largestContentfulPaint": 7172.415000000001,
  "totalBlockingTime": 607.5,
  "cumulativeLayoutShift": 0.03715232743157281,
  "timeToInteractive": 11781.527000000002,
  "maxPotentialFirstInputDelay": 265,
  "timeToFirstByte": 1565.119,
  "weight": {
    "summary": "103 requests • 1,513 KiB",
    "total": 1548874,
    "image": 511205,
    "imageCount": 23,
    "script": 668249,
    "scriptCount": 45,
    "document": 57364,
    "font": 192798,
    "fontCount": 9,
    "stylesheet": 116762,
    "stylesheetCount": 18,
    "thirdParty": 1220173,
    "thirdPartyCount": 57
  },
  "run": {
    "number": 3,
    "total": 3
  },
  "sidequests": {
    "-weight.total": 2,
    "+weight.total": 24,
    "-weight.document": 2,
    "+weight.document": 24,
    "-weight.script": 7,
    "+weight.script": 19,
    "-weight.image": 2,
    "+weight.image": 24,
    "-weight.font": 6,
    "+weight.font": 18,
    "+weight.fontCount": 4,
    "-timeToFirstByte": 4,
    "-totalBlockingTime": 1,
    "-largestContentfulPaint": 14
  },
  "axe": {
    "passes": 935,
    "violations": 12
  }
}