{
  "url": "https://www.californiaclosets.ca/en/location/edmonton/murphy-bed-edmonton/",
  "requestedUrl": "https://www.californiaclosets.ca/en/location/edmonton/murphy-bed-edmonton/",
  "timestamp": 1708259070183,
  "ranks": {
    "hundos": 10,
    "performance": 13,
    "accessibility": 3,
    "cumulative": 10
  },
  "lighthouse": {
    "version": "9.6.8",
    "performance": 0.44,
    "accessibility": 0.93,
    "bestPractices": 0.92,
    "seo": 0.82,
    "total": 311
  },
  "firstContentfulPaint": 3236.2574999999997,
  "firstMeaningfulPaint": 3236.2574999999997,
  "speedIndex": 6294.411443470708,
  "largestContentfulPaint": 8645.851,
  "totalBlockingTime": 334.5000000000009,
  "cumulativeLayoutShift": 0.14538320096333823,
  "timeToInteractive": 12933.580500000002,
  "maxPotentialFirstInputDelay": 191.00000000000182,
  "timeToFirstByte": 1587.52,
  "weight": {
    "summary": "161 requests • 2,486 KiB",
    "total": 2545576,
    "image": 1269362,
    "imageCount": 66,
    "script": 891682,
    "scriptCount": 53,
    "document": 59692,
    "font": 192675,
    "fontCount": 9,
    "stylesheet": 116843,
    "stylesheetCount": 17,
    "thirdParty": 2213718,
    "thirdPartyCount": 117
  },
  "run": {
    "number": 1,
    "total": 3
  },
  "sidequests": {
    "-weight.total": 2,
    "+weight.total": 24,
    "-weight.document": 3,
    "+weight.document": 23,
    "-weight.script": 19,
    "+weight.script": 7,
    "-weight.image": 3,
    "+weight.image": 23,
    "-weight.font": 1,
    "+weight.font": 25,
    "+weight.fontCount": 4,
    "-timeToFirstByte": 9,
    "-totalBlockingTime": 3,
    "-largestContentfulPaint": 22
  },
  "axe": {
    "passes": 942,
    "violations": 12
  }
}