{
  "url": "https://www.californiaclosets.ca/en/location/edmonton/murphy-bed-edmonton/",
  "requestedUrl": "https://www.californiaclosets.ca/en/location/edmonton/murphy-bed-edmonton/",
  "timestamp": 1704630939478,
  "ranks": {
    "hundos": 2,
    "performance": 2,
    "accessibility": 3,
    "cumulative": 2
  },
  "lighthouse": {
    "version": "9.6.8",
    "performance": 0.51,
    "accessibility": 0.93,
    "bestPractices": 0.92,
    "seo": 0.82,
    "total": 318
  },
  "firstContentfulPaint": 3257.0315000000005,
  "firstMeaningfulPaint": 4122.2635,
  "speedIndex": 4743.401913289386,
  "largestContentfulPaint": 8635.710000000001,
  "totalBlockingTime": 283.5,
  "cumulativeLayoutShift": 0.038829973644680445,
  "timeToInteractive": 13097.665500000001,
  "maxPotentialFirstInputDelay": 213,
  "timeToFirstByte": 1135.2549999999999,
  "weight": {
    "summary": "159 requests • 2,503 KiB",
    "total": 2562665,
    "image": 1252775,
    "imageCount": 64,
    "script": 926168,
    "scriptCount": 53,
    "document": 58961,
    "font": 192702,
    "fontCount": 9,
    "stylesheet": 116747,
    "stylesheetCount": 17,
    "thirdParty": 2233053,
    "thirdPartyCount": 115
  },
  "run": {
    "number": 2,
    "total": 3
  },
  "sidequests": {
    "-weight.total": 2,
    "+weight.total": 24,
    "-weight.document": 2,
    "+weight.document": 24,
    "-weight.script": 8,
    "+weight.script": 18,
    "-weight.image": 3,
    "+weight.image": 23,
    "-weight.font": 3,
    "+weight.font": 21,
    "+weight.fontCount": 4,
    "-timeToFirstByte": 1,
    "-totalBlockingTime": 1,
    "-largestContentfulPaint": 23
  },
  "axe": {
    "passes": 941,
    "violations": 12
  }
}