{
  "url": "https://www.californiaclosets.ca/en/location/edmonton/murphy-bed-edmonton/",
  "requestedUrl": "https://www.californiaclosets.ca/en/location/edmonton/murphy-bed-edmonton/",
  "timestamp": 1696768037501,
  "ranks": {
    "hundos": 12,
    "performance": 13,
    "accessibility": 3,
    "cumulative": 12
  },
  "lighthouse": {
    "version": "9.6.8",
    "performance": 0.36,
    "accessibility": 0.86,
    "bestPractices": 1,
    "seo": 0.86,
    "total": 308
  },
  "firstContentfulPaint": 3307.9169999999995,
  "firstMeaningfulPaint": 4136.549499999999,
  "speedIndex": 6240.806819172958,
  "largestContentfulPaint": 6842.171000000002,
  "totalBlockingTime": 695,
  "cumulativeLayoutShift": 0.1419507762061225,
  "timeToInteractive": 11527.0865,
  "maxPotentialFirstInputDelay": 375,
  "timeToFirstByte": 1365.968,
  "weight": {
    "summary": "111 requests • 1,631 KiB",
    "total": 1670165,
    "image": 563186,
    "imageCount": 20,
    "script": 724364,
    "scriptCount": 49,
    "document": 59812,
    "font": 192692,
    "fontCount": 9,
    "stylesheet": 116908,
    "stylesheetCount": 18,
    "thirdParty": 1340535,
    "thirdPartyCount": 65
  },
  "run": {
    "number": 1,
    "total": 3
  },
  "sidequests": {
    "-weight.total": 2,
    "+weight.total": 24,
    "-weight.document": 2,
    "+weight.document": 24,
    "-weight.script": 13,
    "+weight.script": 13,
    "-weight.image": 2,
    "+weight.image": 24,
    "-weight.font": 3,
    "+weight.font": 23,
    "+weight.fontCount": 4,
    "-timeToFirstByte": 6,
    "-totalBlockingTime": 7,
    "-largestContentfulPaint": 12
  },
  "axe": {
    "passes": 1095,
    "violations": 10
  }
}