{
  "url": "https://www.californiaclosets.ca/en/location/edmonton/murphy-bed-edmonton/",
  "requestedUrl": "https://www.californiaclosets.ca/en/location/edmonton/murphy-bed-edmonton/",
  "timestamp": 1701606525116,
  "ranks": {
    "hundos": 8,
    "performance": 9,
    "accessibility": 3,
    "cumulative": 8
  },
  "lighthouse": {
    "version": "9.6.8",
    "performance": 0.47,
    "accessibility": 0.86,
    "bestPractices": 0.92,
    "seo": 0.82,
    "total": 307
  },
  "firstContentfulPaint": 3239.7784999999994,
  "firstMeaningfulPaint": 4120.094,
  "speedIndex": 5523.3343109138395,
  "largestContentfulPaint": 6448.0625,
  "totalBlockingTime": 348,
  "cumulativeLayoutShift": 0.14397791947258845,
  "timeToInteractive": 12275.854,
  "maxPotentialFirstInputDelay": 205,
  "timeToFirstByte": 1506.326,
  "weight": {
    "summary": "122 requests • 1,778 KiB",
    "total": 1820643,
    "image": 511454,
    "imageCount": 25,
    "script": 924995,
    "scriptCount": 54,
    "document": 58752,
    "font": 192708,
    "fontCount": 9,
    "stylesheet": 117520,
    "stylesheetCount": 18,
    "thirdParty": 1489874,
    "thirdPartyCount": 76
  },
  "run": {
    "number": 1,
    "total": 3
  },
  "sidequests": {
    "-weight.total": 2,
    "+weight.total": 24,
    "-weight.document": 3,
    "+weight.document": 23,
    "-weight.script": 9,
    "+weight.script": 17,
    "-weight.image": 2,
    "+weight.image": 24,
    "-weight.font": 6,
    "+weight.font": 20,
    "+weight.fontCount": 4,
    "-timeToFirstByte": 8,
    "-totalBlockingTime": 3,
    "-largestContentfulPaint": 12
  },
  "axe": {
    "passes": 1066,
    "violations": 12
  }
}