{
  "url": "https://www.californiaclosets.ca/en/location/edmonton/murphy-bed-edmonton/",
  "requestedUrl": "https://www.californiaclosets.ca/en/location/edmonton/murphy-bed-edmonton/",
  "timestamp": 1687804254382,
  "ranks": {
    "hundos": 8,
    "performance": 10,
    "accessibility": 2,
    "cumulative": 8
  },
  "lighthouse": {
    "version": "9.6.8",
    "performance": 0.35,
    "accessibility": 0.93,
    "bestPractices": 0.92,
    "seo": 0.82,
    "total": 302
  },
  "firstContentfulPaint": 3309.4289999999987,
  "firstMeaningfulPaint": 4156.327499999999,
  "speedIndex": 5529.0912876715565,
  "largestContentfulPaint": 9676.6975,
  "totalBlockingTime": 728.5000000000014,
  "cumulativeLayoutShift": 0.13090190018547906,
  "timeToInteractive": 13183.049499999997,
  "maxPotentialFirstInputDelay": 375,
  "timeToFirstByte": 1426.894,
  "weight": {
    "summary": "127 requests • 2,004 KiB",
    "total": 2052186,
    "image": 519160,
    "imageCount": 28,
    "script": 1167735,
    "scriptCount": 60,
    "document": 56142,
    "font": 192644,
    "fontCount": 9,
    "stylesheet": 113599,
    "stylesheetCount": 17,
    "thirdParty": 1721305,
    "thirdPartyCount": 81
  },
  "run": {
    "number": 1,
    "total": 3
  },
  "sidequests": {
    "-weight.total": 3,
    "+weight.total": 23,
    "-weight.document": 2,
    "+weight.document": 24,
    "-weight.script": 13,
    "+weight.script": 13,
    "-weight.image": 3,
    "+weight.image": 23,
    "-weight.font": 2,
    "+weight.font": 24,
    "+weight.fontCount": 4,
    "-timeToFirstByte": 8,
    "-totalBlockingTime": 1,
    "-largestContentfulPaint": 25
  },
  "axe": {
    "passes": 1052,
    "violations": 12
  }
}