{
  "url": "https://www.californiaclosets.com/virtuoso/",
  "requestedUrl": "https://www.californiaclosets.com/virtuoso/",
  "timestamp": 1692537135706,
  "ranks": {
    "hundos": 28,
    "performance": 15,
    "accessibility": 34,
    "cumulative": 30
  },
  "lighthouse": {
    "version": "9.6.8",
    "performance": 0.48,
    "accessibility": 0.83,
    "bestPractices": 1,
    "seo": 0.82,
    "total": 313
  },
  "firstContentfulPaint": 2993.863,
  "firstMeaningfulPaint": 2993.863,
  "speedIndex": 3807.5800133256794,
  "largestContentfulPaint": 5317.4805,
  "totalBlockingTime": 400.5,
  "cumulativeLayoutShift": 0.32604475975036623,
  "timeToInteractive": 8211.0785,
  "maxPotentialFirstInputDelay": 281,
  "timeToFirstByte": 21.879000000000005,
  "weight": {
    "summary": "123 requests • 1,692 KiB",
    "total": 1732200,
    "image": 785544,
    "imageCount": 37,
    "script": 535590,
    "scriptCount": 56,
    "document": 68460,
    "font": 154954,
    "fontCount": 11,
    "stylesheet": 174664,
    "stylesheetCount": 7,
    "thirdParty": 1310039,
    "thirdPartyCount": 64
  },
  "run": {
    "number": 1,
    "total": 3
  },
  "sidequests": {
    "-weight.total": 29,
    "+weight.total": 9,
    "-weight.document": 29,
    "+weight.document": 9,
    "-weight.script": 30,
    "+weight.script": 8,
    "-weight.image": 31,
    "+weight.image": 7,
    "-weight.font": 10,
    "+weight.font": 14,
    "+weight.fontCount": 3,
    "-timeToFirstByte": 33,
    "-totalBlockingTime": 16,
    "-largestContentfulPaint": 17
  },
  "axe": {
    "passes": 1285,
    "violations": 10
  }
}