{
  "url": "https://www.californiaclosets.com/virtuoso/",
  "requestedUrl": "https://www.californiaclosets.com/virtuoso/",
  "timestamp": 1697378163108,
  "ranks": {
    "hundos": 29,
    "performance": 12,
    "accessibility": 35,
    "cumulative": 30
  },
  "lighthouse": {
    "version": "9.6.8",
    "performance": 0.44,
    "accessibility": 0.81,
    "bestPractices": 1,
    "seo": 0.82,
    "total": 307
  },
  "firstContentfulPaint": 2846.4939999999997,
  "firstMeaningfulPaint": 3025.0869999999995,
  "speedIndex": 4023.407181665727,
  "largestContentfulPaint": 5138.389,
  "totalBlockingTime": 543,
  "cumulativeLayoutShift": 0.32604475975036623,
  "timeToInteractive": 9422.2695,
  "maxPotentialFirstInputDelay": 219,
  "timeToFirstByte": 9.985000000000007,
  "weight": {
    "summary": "112 requests • 1,619 KiB",
    "total": 1657830,
    "image": 736890,
    "imageCount": 34,
    "script": 506522,
    "scriptCount": 48,
    "document": 68500,
    "font": 154924,
    "fontCount": 11,
    "stylesheet": 176663,
    "stylesheetCount": 7,
    "thirdParty": 1248144,
    "thirdPartyCount": 55
  },
  "run": {
    "number": 2,
    "total": 3
  },
  "sidequests": {
    "-weight.total": 31,
    "+weight.total": 7,
    "-weight.document": 28,
    "+weight.document": 10,
    "-weight.script": 33,
    "+weight.script": 5,
    "-weight.image": 31,
    "+weight.image": 7,
    "-weight.font": 7,
    "+weight.font": 19,
    "+weight.fontCount": 3,
    "-timeToFirstByte": 5,
    "-totalBlockingTime": 12,
    "-largestContentfulPaint": 15
  },
  "axe": {
    "passes": 1183,
    "violations": 10
  }
}