{
  "url": "https://www.californiaclosets.com/virtuoso/",
  "requestedUrl": "https://www.californiaclosets.com/virtuoso/",
  "timestamp": 1696771627513,
  "ranks": {
    "hundos": 33,
    "performance": 25,
    "accessibility": 29,
    "cumulative": 33
  },
  "lighthouse": {
    "version": "9.6.8",
    "performance": 0.46,
    "accessibility": 0.81,
    "bestPractices": 1,
    "seo": 0.82,
    "total": 309
  },
  "firstContentfulPaint": 2938.2960000000003,
  "firstMeaningfulPaint": 3219.9575000000004,
  "speedIndex": 4096.601892874716,
  "largestContentfulPaint": 5288.351999999999,
  "totalBlockingTime": 463.5,
  "cumulativeLayoutShift": 0.32604475975036623,
  "timeToInteractive": 7897.336,
  "maxPotentialFirstInputDelay": 234,
  "timeToFirstByte": 29.703000000000003,
  "weight": {
    "summary": "112 requests • 1,527 KiB",
    "total": 1563595,
    "image": 736867,
    "imageCount": 34,
    "script": 413673,
    "scriptCount": 48,
    "document": 68462,
    "font": 154954,
    "fontCount": 11,
    "stylesheet": 176411,
    "stylesheetCount": 7,
    "thirdParty": 1154328,
    "thirdPartyCount": 55
  },
  "run": {
    "number": 2,
    "total": 3
  },
  "sidequests": {
    "-weight.total": 30,
    "+weight.total": 8,
    "-weight.document": 29,
    "+weight.document": 8,
    "-weight.script": 23,
    "+weight.script": 15,
    "-weight.image": 31,
    "+weight.image": 7,
    "-weight.font": 9,
    "+weight.font": 14,
    "+weight.fontCount": 3,
    "-timeToFirstByte": 32,
    "-totalBlockingTime": 24,
    "-largestContentfulPaint": 23
  },
  "axe": {
    "passes": 1071,
    "violations": 6
  }
}