{
  "url": "https://www.californiaclosets.com/virtuoso/",
  "requestedUrl": "https://www.californiaclosets.com/virtuoso/",
  "timestamp": 1689515089439,
  "ranks": {
    "hundos": 35,
    "performance": 29,
    "accessibility": 33,
    "cumulative": 35
  },
  "lighthouse": {
    "version": "9.6.8",
    "performance": 0.4,
    "accessibility": 0.83,
    "bestPractices": 1,
    "seo": 0.83,
    "total": 306
  },
  "firstContentfulPaint": 3458.63,
  "firstMeaningfulPaint": 3458.63,
  "speedIndex": 4325.306981955997,
  "largestContentfulPaint": 5075.480500000001,
  "totalBlockingTime": 647.5000000000009,
  "cumulativeLayoutShift": 0.32604475975036623,
  "timeToInteractive": 9144.997000000001,
  "maxPotentialFirstInputDelay": 277.0000000000009,
  "timeToFirstByte": 6.165000000000003,
  "weight": {
    "summary": "125 requests • 1,713 KiB",
    "total": 1753692,
    "image": 786917,
    "imageCount": 38,
    "script": 451058,
    "scriptCount": 56,
    "document": 173836,
    "font": 154950,
    "fontCount": 11,
    "stylesheet": 173322,
    "stylesheetCount": 6,
    "thirdParty": 1331843,
    "thirdPartyCount": 66
  },
  "run": {
    "number": 3,
    "total": 3
  },
  "sidequests": {
    "-weight.total": 27,
    "+weight.total": 11,
    "-weight.document": 28,
    "+weight.document": 10,
    "-weight.script": 23,
    "+weight.script": 15,
    "-weight.image": 29,
    "+weight.image": 9,
    "-weight.font": 10,
    "+weight.font": 14,
    "+weight.fontCount": 3,
    "-timeToFirstByte": 9,
    "-totalBlockingTime": 29,
    "-largestContentfulPaint": 10
  },
  "axe": {
    "passes": 1179,
    "violations": 6
  }
}