{
  "url": "https://www.californiaclosets.com/virtuoso/",
  "requestedUrl": "https://www.californiaclosets.com/virtuoso/",
  "timestamp": 1693747839826,
  "ranks": {
    "hundos": 35,
    "performance": 32,
    "accessibility": 31,
    "cumulative": 35
  },
  "lighthouse": {
    "version": "9.6.8",
    "performance": 0.47,
    "accessibility": 0.81,
    "bestPractices": 1,
    "seo": 0.82,
    "total": 310
  },
  "firstContentfulPaint": 2860.7290000000003,
  "firstMeaningfulPaint": 3067.0710000000004,
  "speedIndex": 3721.0020694528166,
  "largestContentfulPaint": 5137.200999999999,
  "totalBlockingTime": 509,
  "cumulativeLayoutShift": 0.32604475975036623,
  "timeToInteractive": 7662.097,
  "maxPotentialFirstInputDelay": 248,
  "timeToFirstByte": 5.283000000000001,
  "weight": {
    "summary": "112 requests • 1,525 KiB",
    "total": 1561664,
    "image": 736503,
    "imageCount": 34,
    "script": 412732,
    "scriptCount": 48,
    "document": 68197,
    "font": 154954,
    "fontCount": 11,
    "stylesheet": 176230,
    "stylesheetCount": 7,
    "thirdParty": 1153407,
    "thirdPartyCount": 55
  },
  "run": {
    "number": 3,
    "total": 3
  },
  "sidequests": {
    "-weight.total": 28,
    "+weight.total": 10,
    "-weight.document": 29,
    "+weight.document": 9,
    "-weight.script": 18,
    "+weight.script": 20,
    "-weight.image": 31,
    "+weight.image": 7,
    "-weight.font": 13,
    "+weight.font": 14,
    "+weight.fontCount": 3,
    "-timeToFirstByte": 8,
    "-totalBlockingTime": 34,
    "-largestContentfulPaint": 19
  },
  "axe": {
    "passes": 1189,
    "violations": 9
  }
}