{
  "url": "https://www.californiaclosets.com/virtuoso/",
  "requestedUrl": "https://www.californiaclosets.com/virtuoso/",
  "timestamp": 1688305384632,
  "ranks": {
    "hundos": 33,
    "performance": 33,
    "accessibility": 33,
    "cumulative": 34
  },
  "lighthouse": {
    "version": "9.6.8",
    "performance": 0.34,
    "accessibility": 0.83,
    "bestPractices": 1,
    "seo": 0.75,
    "total": 292
  },
  "firstContentfulPaint": 2986.756,
  "firstMeaningfulPaint": 3276.4804999999997,
  "speedIndex": 5051.9468275798545,
  "largestContentfulPaint": 5666.708500000001,
  "totalBlockingTime": 767.0000000000005,
  "cumulativeLayoutShift": 0.32604475975036623,
  "timeToInteractive": 11083.400000000001,
  "maxPotentialFirstInputDelay": 248,
  "timeToFirstByte": 15.792000000000002,
  "weight": {
    "summary": "134 requests • 1,943 KiB",
    "total": 1989325,
    "image": 798017,
    "imageCount": 40,
    "script": 675901,
    "scriptCount": 62,
    "document": 173791,
    "font": 154947,
    "fontCount": 11,
    "stylesheet": 173046,
    "stylesheetCount": 6,
    "thirdParty": 1570663,
    "thirdPartyCount": 75
  },
  "run": {
    "number": 3,
    "total": 3
  },
  "sidequests": {
    "-weight.total": 28,
    "+weight.total": 10,
    "-weight.document": 26,
    "+weight.document": 11,
    "-weight.script": 21,
    "+weight.script": 17,
    "-weight.image": 29,
    "+weight.image": 9,
    "-weight.font": 8,
    "+weight.font": 16,
    "+weight.fontCount": 3,
    "-timeToFirstByte": 21,
    "-totalBlockingTime": 28,
    "-largestContentfulPaint": 28
  },
  "axe": {
    "passes": 1264,
    "violations": 6
  }
}