{
  "url": "https://www.californiaclosets.com/virtuoso/",
  "requestedUrl": "https://www.californiaclosets.com/virtuoso/",
  "timestamp": 1695561478536,
  "ranks": {
    "hundos": 35,
    "performance": 26,
    "accessibility": 37,
    "cumulative": 35
  },
  "lighthouse": {
    "version": "9.6.8",
    "performance": 0.37,
    "accessibility": 0.81,
    "bestPractices": 1,
    "seo": 0.82,
    "total": 300
  },
  "firstContentfulPaint": 3502.032,
  "firstMeaningfulPaint": 3502.032,
  "speedIndex": 4144.512544090397,
  "largestContentfulPaint": 5050.366,
  "totalBlockingTime": 784.0000000000018,
  "cumulativeLayoutShift": 0.32604475975036623,
  "timeToInteractive": 9270.864500000003,
  "maxPotentialFirstInputDelay": 315.0000000000009,
  "timeToFirstByte": 81.28899999999999,
  "weight": {
    "summary": "110 requests • 1,516 KiB",
    "total": 1552837,
    "image": 736408,
    "imageCount": 34,
    "script": 404130,
    "scriptCount": 47,
    "document": 68344,
    "font": 154953,
    "fontCount": 11,
    "stylesheet": 176372,
    "stylesheetCount": 7,
    "thirdParty": 1155280,
    "thirdPartyCount": 56
  },
  "run": {
    "number": 1,
    "total": 3
  },
  "sidequests": {
    "-weight.total": 31,
    "+weight.total": 7,
    "-weight.document": 29,
    "+weight.document": 9,
    "-weight.script": 12,
    "+weight.script": 26,
    "-weight.image": 31,
    "+weight.image": 7,
    "-weight.font": 6,
    "+weight.font": 10,
    "+weight.fontCount": 3,
    "-timeToFirstByte": 37,
    "-totalBlockingTime": 22,
    "-largestContentfulPaint": 8
  },
  "axe": {
    "passes": 1080,
    "violations": 6
  }
}