{
  "url": "https://www.californiaclosets.com/virtuoso/",
  "requestedUrl": "https://www.californiaclosets.com/virtuoso/",
  "timestamp": 1694352835129,
  "ranks": {
    "hundos": 35,
    "performance": 25,
    "accessibility": 33,
    "cumulative": 35
  },
  "lighthouse": {
    "version": "9.6.8",
    "performance": 0.34,
    "accessibility": 0.81,
    "bestPractices": 1,
    "seo": 0.82,
    "total": 297
  },
  "firstContentfulPaint": 3094.604,
  "firstMeaningfulPaint": 3161.104,
  "speedIndex": 4092.5886302673152,
  "largestContentfulPaint": 5472.423999999999,
  "totalBlockingTime": 942.5,
  "cumulativeLayoutShift": 0.32475719261169433,
  "timeToInteractive": 9740.368999999999,
  "maxPotentialFirstInputDelay": 365,
  "timeToFirstByte": 5.639000000000003,
  "weight": {
    "summary": "113 requests • 1,523 KiB",
    "total": 1559894,
    "image": 736106,
    "imageCount": 34,
    "script": 411545,
    "scriptCount": 49,
    "document": 68329,
    "font": 154953,
    "fontCount": 11,
    "stylesheet": 176029,
    "stylesheetCount": 7,
    "thirdParty": 1152864,
    "thirdPartyCount": 56
  },
  "run": {
    "number": 2,
    "total": 3
  },
  "sidequests": {
    "-weight.total": 31,
    "+weight.total": 7,
    "-weight.document": 28,
    "+weight.document": 10,
    "-weight.script": 15,
    "+weight.script": 23,
    "-weight.image": 31,
    "+weight.image": 7,
    "-weight.font": 7,
    "+weight.font": 10,
    "+weight.fontCount": 3,
    "-timeToFirstByte": 8,
    "-totalBlockingTime": 31,
    "-largestContentfulPaint": 27
  },
  "axe": {
    "passes": 1177,
    "violations": 6
  }
}