{
  "url": "https://www.californiaclosets.com/luxe/",
  "requestedUrl": "https://www.californiaclosets.com/luxe/",
  "timestamp": 1704030915384,
  "ranks": {
    "hundos": 14,
    "performance": 10,
    "accessibility": 31,
    "cumulative": 14
  },
  "lighthouse": {
    "version": "9.6.8",
    "performance": 0.66,
    "accessibility": 0.74,
    "bestPractices": 1,
    "seo": 0.9,
    "total": 330
  },
  "firstContentfulPaint": 2849.8510000000006,
  "firstMeaningfulPaint": 2849.8510000000006,
  "speedIndex": 3509.339195616997,
  "largestContentfulPaint": 5112.828,
  "totalBlockingTime": 184.99999999999955,
  "cumulativeLayoutShift": 0.0384850271013048,
  "timeToInteractive": 9184.408500000001,
  "maxPotentialFirstInputDelay": 119.99999999999955,
  "timeToFirstByte": 36.224999999999994,
  "weight": {
    "summary": "96 requests • 1,158 KiB",
    "total": 1186083,
    "image": 207078,
    "imageCount": 21,
    "script": 375162,
    "scriptCount": 45,
    "document": 64825,
    "font": 335243,
    "fontCount": 12,
    "stylesheet": 189295,
    "stylesheetCount": 7,
    "thirdParty": 721210,
    "thirdPartyCount": 42
  },
  "run": {
    "number": 1,
    "total": 3
  },
  "sidequests": {
    "-weight.total": 10,
    "+weight.total": 28,
    "-weight.document": 10,
    "+weight.document": 28,
    "-weight.script": 12,
    "+weight.script": 26,
    "-weight.image": 6,
    "+weight.image": 32,
    "-weight.font": 14,
    "+weight.font": 23,
    "+weight.fontCount": 3,
    "-timeToFirstByte": 37,
    "-totalBlockingTime": 3,
    "-largestContentfulPaint": 18
  },
  "axe": {
    "passes": 1030,
    "violations": 11
  }
}