{
  "url": "https://www.californiaclosets.com/luxe/",
  "requestedUrl": "https://www.californiaclosets.com/luxe/",
  "timestamp": 1693747581543,
  "ranks": {
    "hundos": 8,
    "performance": 5,
    "accessibility": 34,
    "cumulative": 8
  },
  "lighthouse": {
    "version": "9.6.8",
    "performance": 0.58,
    "accessibility": 0.81,
    "bestPractices": 1,
    "seo": 0.89,
    "total": 328
  },
  "firstContentfulPaint": 2727.188,
  "firstMeaningfulPaint": 2826.5915,
  "speedIndex": 3477.2694959844152,
  "largestContentfulPaint": 4989.293,
  "totalBlockingTime": 206,
  "cumulativeLayoutShift": 0.32604475975036623,
  "timeToInteractive": 7508.291999999999,
  "maxPotentialFirstInputDelay": 114,
  "timeToFirstByte": 8.928999999999998,
  "weight": {
    "summary": "101 requests • 1,009 KiB",
    "total": 1033189,
    "image": 213762,
    "imageCount": 22,
    "script": 411492,
    "scriptCount": 49,
    "document": 63832,
    "font": 154945,
    "fontCount": 11,
    "stylesheet": 176200,
    "stylesheetCount": 7,
    "thirdParty": 629327,
    "thirdPartyCount": 44
  },
  "run": {
    "number": 3,
    "total": 3
  },
  "sidequests": {
    "-weight.total": 8,
    "+weight.total": 30,
    "-weight.document": 10,
    "+weight.document": 28,
    "-weight.script": 12,
    "+weight.script": 26,
    "-weight.image": 2,
    "+weight.image": 36,
    "-weight.font": 10,
    "+weight.font": 17,
    "+weight.fontCount": 3,
    "-timeToFirstByte": 26,
    "-totalBlockingTime": 3,
    "-largestContentfulPaint": 13
  },
  "axe": {
    "passes": 1180,
    "violations": 9
  }
}