{
  "url": "https://www.californiaclosets.com/luxe/",
  "requestedUrl": "https://www.californiaclosets.com/luxe/",
  "timestamp": 1694352532658,
  "ranks": {
    "hundos": 26,
    "performance": 27,
    "accessibility": 37,
    "cumulative": 27
  },
  "lighthouse": {
    "version": "9.6.8",
    "performance": 0.34,
    "accessibility": 0.81,
    "bestPractices": 1,
    "seo": 0.89,
    "total": 304
  },
  "firstContentfulPaint": 3714.222,
  "firstMeaningfulPaint": 3714.222,
  "speedIndex": 4456.242922701751,
  "largestContentfulPaint": 5445.964,
  "totalBlockingTime": 829.5,
  "cumulativeLayoutShift": 0.32604475975036623,
  "timeToInteractive": 9294.855499999998,
  "maxPotentialFirstInputDelay": 383,
  "timeToFirstByte": 57.499,
  "weight": {
    "summary": "100 requests • 1,010 KiB",
    "total": 1034076,
    "image": 213595,
    "imageCount": 22,
    "script": 412310,
    "scriptCount": 48,
    "document": 63913,
    "font": 154954,
    "fontCount": 11,
    "stylesheet": 176348,
    "stylesheetCount": 7,
    "thirdParty": 630245,
    "thirdPartyCount": 43
  },
  "run": {
    "number": 2,
    "total": 3
  },
  "sidequests": {
    "-weight.total": 8,
    "+weight.total": 30,
    "-weight.document": 10,
    "+weight.document": 28,
    "-weight.script": 25,
    "+weight.script": 13,
    "-weight.image": 2,
    "+weight.image": 36,
    "-weight.font": 8,
    "+weight.font": 9,
    "+weight.fontCount": 3,
    "-timeToFirstByte": 30,
    "-totalBlockingTime": 21,
    "-largestContentfulPaint": 26
  },
  "axe": {
    "passes": 1107,
    "violations": 6
  }
}