{
  "url": "https://www.californiaclosets.com/luxe/",
  "requestedUrl": "https://www.californiaclosets.com/luxe/",
  "timestamp": 1694956202773,
  "ranks": {
    "hundos": 22,
    "performance": 24,
    "accessibility": 21,
    "cumulative": 22
  },
  "lighthouse": {
    "version": "9.6.8",
    "performance": 0.39,
    "accessibility": 0.81,
    "bestPractices": 1,
    "seo": 0.89,
    "total": 309
  },
  "firstContentfulPaint": 3040.268,
  "firstMeaningfulPaint": 3348.5985,
  "speedIndex": 4329.093256142937,
  "largestContentfulPaint": 4946.798999999998,
  "totalBlockingTime": 759.4999999999995,
  "cumulativeLayoutShift": 0.32604475975036623,
  "timeToInteractive": 9404.497499999998,
  "maxPotentialFirstInputDelay": 309,
  "timeToFirstByte": 17.636000000000003,
  "weight": {
    "summary": "100 requests • 1,011 KiB",
    "total": 1035489,
    "image": 213853,
    "imageCount": 22,
    "script": 413430,
    "scriptCount": 48,
    "document": 63928,
    "font": 154953,
    "fontCount": 11,
    "stylesheet": 176282,
    "stylesheetCount": 7,
    "thirdParty": 631449,
    "thirdPartyCount": 43
  },
  "run": {
    "number": 1,
    "total": 3
  },
  "sidequests": {
    "-weight.total": 7,
    "+weight.total": 31,
    "-weight.document": 10,
    "+weight.document": 28,
    "-weight.script": 24,
    "+weight.script": 14,
    "-weight.image": 2,
    "+weight.image": 36,
    "-weight.font": 9,
    "+weight.font": 14,
    "+weight.fontCount": 3,
    "-timeToFirstByte": 22,
    "-totalBlockingTime": 26,
    "-largestContentfulPaint": 9
  },
  "axe": {
    "passes": 1070,
    "violations": 6
  }
}