{
  "url": "https://www.californiaclosets.com/luxe/",
  "requestedUrl": "https://www.californiaclosets.com/luxe/",
  "timestamp": 1706448032976,
  "ranks": {
    "hundos": 18,
    "performance": 15,
    "accessibility": 29,
    "cumulative": 18
  },
  "lighthouse": {
    "version": "9.6.8",
    "performance": 0.7,
    "accessibility": 0.81,
    "bestPractices": 1,
    "seo": 0.9,
    "total": 341
  },
  "firstContentfulPaint": 2898.257,
  "firstMeaningfulPaint": 2898.257,
  "speedIndex": 3188.83550845553,
  "largestContentfulPaint": 4576.148999999999,
  "totalBlockingTime": 154.5,
  "cumulativeLayoutShift": 0.0384850271013048,
  "timeToInteractive": 8866.216999999999,
  "maxPotentialFirstInputDelay": 107,
  "timeToFirstByte": 11.305,
  "weight": {
    "summary": "96 requests • 1,088 KiB",
    "total": 1113644,
    "image": 207019,
    "imageCount": 21,
    "script": 392001,
    "scriptCount": 47,
    "document": 64496,
    "font": 256323,
    "fontCount": 11,
    "stylesheet": 179019,
    "stylesheetCount": 5,
    "thirdParty": 631888,
    "thirdPartyCount": 40
  },
  "run": {
    "number": 2,
    "total": 3
  },
  "sidequests": {
    "-weight.total": 10,
    "+weight.total": 28,
    "-weight.document": 12,
    "+weight.document": 26,
    "-weight.script": 26,
    "+weight.script": 10,
    "-weight.image": 5,
    "+weight.image": 33,
    "-weight.font": 12,
    "+weight.font": 26,
    "+weight.fontCount": 3,
    "-timeToFirstByte": 18,
    "-totalBlockingTime": 13,
    "-largestContentfulPaint": 24
  },
  "axe": {
    "passes": 1055,
    "violations": 6
  }
}