{
  "url": "https://www.californiaclosets.com/luxe/",
  "requestedUrl": "https://www.californiaclosets.com/luxe/",
  "timestamp": 1695562036863,
  "ranks": {
    "hundos": 15,
    "performance": 17,
    "accessibility": 36,
    "cumulative": 15
  },
  "lighthouse": {
    "version": "9.6.8",
    "performance": 0.39,
    "accessibility": 0.81,
    "bestPractices": 1,
    "seo": 0.89,
    "total": 309
  },
  "firstContentfulPaint": 3485.325999999999,
  "firstMeaningfulPaint": 3485.325999999999,
  "speedIndex": 4279.957800491028,
  "largestContentfulPaint": 5335.2159999999985,
  "totalBlockingTime": 635.5000000000023,
  "cumulativeLayoutShift": 0.32604475975036623,
  "timeToInteractive": 9154.581500000002,
  "maxPotentialFirstInputDelay": 311.0000000000009,
  "timeToFirstByte": 58.41799999999999,
  "weight": {
    "summary": "100 requests • 1,013 KiB",
    "total": 1037432,
    "image": 213692,
    "imageCount": 22,
    "script": 415421,
    "scriptCount": 48,
    "document": 64151,
    "font": 154952,
    "fontCount": 11,
    "stylesheet": 176182,
    "stylesheetCount": 7,
    "thirdParty": 632490,
    "thirdPartyCount": 43
  },
  "run": {
    "number": 2,
    "total": 3
  },
  "sidequests": {
    "-weight.total": 7,
    "+weight.total": 31,
    "-weight.document": 10,
    "+weight.document": 28,
    "-weight.script": 34,
    "+weight.script": 4,
    "-weight.image": 2,
    "+weight.image": 36,
    "-weight.font": 5,
    "+weight.font": 11,
    "+weight.fontCount": 3,
    "-timeToFirstByte": 28,
    "-totalBlockingTime": 13,
    "-largestContentfulPaint": 15
  },
  "axe": {
    "passes": 1107,
    "violations": 6
  }
}