{
  "url": "https://www.californiaclosets.com/luxe/",
  "requestedUrl": "https://www.californiaclosets.com/luxe/",
  "timestamp": 1702822523490,
  "ranks": {
    "hundos": 12,
    "performance": 10,
    "accessibility": 35,
    "cumulative": 13
  },
  "lighthouse": {
    "version": "9.6.8",
    "performance": 0.74,
    "accessibility": 0.74,
    "bestPractices": 1,
    "seo": 0.9,
    "total": 338
  },
  "firstContentfulPaint": 2936.925,
  "firstMeaningfulPaint": 2936.925,
  "speedIndex": 3214.527648760791,
  "largestContentfulPaint": 3858.3335000000006,
  "totalBlockingTime": 157,
  "cumulativeLayoutShift": 0.0384850271013048,
  "timeToInteractive": 9198.369999999995,
  "maxPotentialFirstInputDelay": 105,
  "timeToFirstByte": 11.690999999999999,
  "weight": {
    "summary": "99 requests • 1,167 KiB",
    "total": 1195148,
    "image": 206846,
    "imageCount": 21,
    "script": 384335,
    "scriptCount": 47,
    "document": 64793,
    "font": 335314,
    "fontCount": 12,
    "stylesheet": 189091,
    "stylesheetCount": 7,
    "thirdParty": 719453,
    "thirdPartyCount": 42
  },
  "run": {
    "number": 3,
    "total": 3
  },
  "sidequests": {
    "-weight.total": 10,
    "+weight.total": 28,
    "-weight.document": 10,
    "+weight.document": 28,
    "-weight.script": 27,
    "+weight.script": 11,
    "-weight.image": 5,
    "+weight.image": 33,
    "-weight.font": 16,
    "+weight.font": 21,
    "+weight.fontCount": 3,
    "-timeToFirstByte": 4,
    "-totalBlockingTime": 7,
    "-largestContentfulPaint": 16
  },
  "axe": {
    "passes": 1030,
    "violations": 11
  }
}