{
  "url": "https://www.californiaclosets.com/luxe/",
  "requestedUrl": "https://www.californiaclosets.com/luxe/",
  "timestamp": 1704633013454,
  "ranks": {
    "hundos": 17,
    "performance": 13,
    "accessibility": 30,
    "cumulative": 17
  },
  "lighthouse": {
    "version": "9.6.8",
    "performance": 0.67,
    "accessibility": 0.74,
    "bestPractices": 1,
    "seo": 0.9,
    "total": 331
  },
  "firstContentfulPaint": 2843.3469999999998,
  "firstMeaningfulPaint": 2843.3469999999998,
  "speedIndex": 3288.5578749099195,
  "largestContentfulPaint": 5110.5125,
  "totalBlockingTime": 175,
  "cumulativeLayoutShift": 0.03820824284023709,
  "timeToInteractive": 9290.5815,
  "maxPotentialFirstInputDelay": 105,
  "timeToFirstByte": 6.614000000000001,
  "weight": {
    "summary": "99 requests • 1,169 KiB",
    "total": 1196929,
    "image": 206901,
    "imageCount": 21,
    "script": 385812,
    "scriptCount": 47,
    "document": 64973,
    "font": 335190,
    "fontCount": 12,
    "stylesheet": 189288,
    "stylesheetCount": 7,
    "thirdParty": 721096,
    "thirdPartyCount": 42
  },
  "run": {
    "number": 2,
    "total": 3
  },
  "sidequests": {
    "-weight.total": 10,
    "+weight.total": 28,
    "-weight.document": 10,
    "+weight.document": 27,
    "-weight.script": 24,
    "+weight.script": 13,
    "-weight.image": 6,
    "+weight.image": 32,
    "-weight.font": 8,
    "+weight.font": 29,
    "+weight.fontCount": 3,
    "-timeToFirstByte": 8,
    "-totalBlockingTime": 14,
    "-largestContentfulPaint": 15
  },
  "axe": {
    "passes": 1030,
    "violations": 11
  }
}