{
  "url": "https://www.californiaclosets.com/luxe/",
  "requestedUrl": "https://www.californiaclosets.com/luxe/",
  "timestamp": 1696770591440,
  "ranks": {
    "hundos": 20,
    "performance": 18,
    "accessibility": 31,
    "cumulative": 20
  },
  "lighthouse": {
    "version": "9.6.8",
    "performance": 0.48,
    "accessibility": 0.81,
    "bestPractices": 1,
    "seo": 0.89,
    "total": 318
  },
  "firstContentfulPaint": 2936.1349999999998,
  "firstMeaningfulPaint": 3073.9159999999997,
  "speedIndex": 7331.997421882719,
  "largestContentfulPaint": 4832.288,
  "totalBlockingTime": 298.5,
  "cumulativeLayoutShift": 0.32475719261169433,
  "timeToInteractive": 9087.841499999999,
  "maxPotentialFirstInputDelay": 129,
  "timeToFirstByte": 2474.6479999999997,
  "weight": {
    "summary": "98 requests • 1,001 KiB",
    "total": 1024947,
    "image": 213954,
    "imageCount": 22,
    "script": 402316,
    "scriptCount": 47,
    "document": 64102,
    "font": 154953,
    "fontCount": 11,
    "stylesheet": 176617,
    "stylesheetCount": 7,
    "thirdParty": 630726,
    "thirdPartyCount": 44
  },
  "run": {
    "number": 1,
    "total": 3
  },
  "sidequests": {
    "-weight.total": 8,
    "+weight.total": 30,
    "-weight.document": 10,
    "+weight.document": 27,
    "-weight.script": 12,
    "+weight.script": 26,
    "-weight.image": 3,
    "+weight.image": 35,
    "-weight.font": 8,
    "+weight.font": 15,
    "+weight.fontCount": 3,
    "-timeToFirstByte": 37,
    "-totalBlockingTime": 6,
    "-largestContentfulPaint": 8
  },
  "axe": {
    "passes": 1068,
    "violations": 6
  }
}