{
  "url": "https://www.californiaclosets.com/luxe/",
  "requestedUrl": "https://www.californiaclosets.com/luxe/",
  "timestamp": 1707053587731,
  "ranks": {
    "hundos": 31,
    "performance": 33,
    "accessibility": 29,
    "cumulative": 31
  },
  "lighthouse": {
    "version": "9.6.8",
    "performance": 0.6,
    "accessibility": 0.81,
    "bestPractices": 1,
    "seo": 0.9,
    "total": 331
  },
  "firstContentfulPaint": 2848.6380000000004,
  "firstMeaningfulPaint": 3040.6940000000004,
  "speedIndex": 3547.974299716118,
  "largestContentfulPaint": 5831.757999999999,
  "totalBlockingTime": 301.5,
  "cumulativeLayoutShift": 0.03820824284023709,
  "timeToInteractive": 8895.304999999998,
  "maxPotentialFirstInputDelay": 188,
  "timeToFirstByte": 7.391000000000002,
  "weight": {
    "summary": "96 requests • 1,084 KiB",
    "total": 1109602,
    "image": 206683,
    "imageCount": 21,
    "script": 388709,
    "scriptCount": 47,
    "document": 64571,
    "font": 256291,
    "fontCount": 11,
    "stylesheet": 178935,
    "stylesheetCount": 5,
    "thirdParty": 630418,
    "thirdPartyCount": 40
  },
  "run": {
    "number": 3,
    "total": 3
  },
  "sidequests": {
    "-weight.total": 10,
    "+weight.total": 28,
    "-weight.document": 12,
    "+weight.document": 26,
    "-weight.script": 14,
    "+weight.script": 24,
    "-weight.image": 5,
    "+weight.image": 33,
    "-weight.font": 10,
    "+weight.font": 25,
    "+weight.fontCount": 3,
    "-timeToFirstByte": 11,
    "-totalBlockingTime": 31,
    "-largestContentfulPaint": 34
  },
  "axe": {
    "passes": 1055,
    "violations": 6
  }
}