{
  "url": "https://www.californiaclosets.com/all-white/",
  "requestedUrl": "https://www.californiaclosets.com/all-white/",
  "timestamp": 1690724305716,
  "ranks": {
    "hundos": 28,
    "performance": 30,
    "accessibility": 33,
    "cumulative": 28
  },
  "lighthouse": {
    "version": "9.6.8",
    "performance": 0.35,
    "accessibility": 0.83,
    "bestPractices": 1,
    "seo": 0.9,
    "total": 308
  },
  "firstContentfulPaint": 2926.567,
  "firstMeaningfulPaint": 2926.567,
  "speedIndex": 4248.0973281479155,
  "largestContentfulPaint": 5445.257000000001,
  "totalBlockingTime": 902.5000000000009,
  "cumulativeLayoutShift": 0.32604475975036623,
  "timeToInteractive": 9804.646000000002,
  "maxPotentialFirstInputDelay": 282,
  "timeToFirstByte": 5.613999999999997,
  "weight": {
    "summary": "128 requests • 1,689 KiB",
    "total": 1729394,
    "image": 726387,
    "imageCount": 40,
    "script": 487198,
    "scriptCount": 57,
    "document": 174007,
    "font": 154954,
    "fontCount": 11,
    "stylesheet": 173266,
    "stylesheetCount": 6,
    "thirdParty": 1308471,
    "thirdPartyCount": 69
  },
  "run": {
    "number": 3,
    "total": 3
  },
  "sidequests": {
    "-weight.total": 28,
    "+weight.total": 10,
    "-weight.document": 31,
    "+weight.document": 7,
    "-weight.script": 18,
    "+weight.script": 20,
    "-weight.image": 29,
    "+weight.image": 9,
    "-weight.font": 9,
    "+weight.font": 15,
    "+weight.fontCount": 3,
    "-timeToFirstByte": 11,
    "-totalBlockingTime": 30,
    "-largestContentfulPaint": 17
  },
  "axe": {
    "passes": 1313,
    "violations": 7
  }
}