{
  "url": "https://www.californiaclosets.com/all-white/",
  "requestedUrl": "https://www.californiaclosets.com/all-white/",
  "timestamp": 1688303881120,
  "ranks": {
    "hundos": 8,
    "performance": 7,
    "accessibility": 32,
    "cumulative": 8
  },
  "lighthouse": {
    "version": "9.6.8",
    "performance": 0.46,
    "accessibility": 0.83,
    "bestPractices": 1,
    "seo": 0.83,
    "total": 312
  },
  "firstContentfulPaint": 2871.0869999999995,
  "firstMeaningfulPaint": 2995.5885,
  "speedIndex": 4254.291763636755,
  "largestContentfulPaint": 5007.460999999999,
  "totalBlockingTime": 459,
  "cumulativeLayoutShift": 0.32604475975036623,
  "timeToInteractive": 10916.340499999998,
  "maxPotentialFirstInputDelay": 185,
  "timeToFirstByte": 16.185999999999993,
  "weight": {
    "summary": "133 requests • 1,873 KiB",
    "total": 1917727,
    "image": 737543,
    "imageCount": 42,
    "script": 665064,
    "scriptCount": 60,
    "document": 173919,
    "font": 154951,
    "fontCount": 11,
    "stylesheet": 173028,
    "stylesheetCount": 6,
    "thirdParty": 1510504,
    "thirdPartyCount": 77
  },
  "run": {
    "number": 2,
    "total": 3
  },
  "sidequests": {
    "-weight.total": 25,
    "+weight.total": 13,
    "-weight.document": 27,
    "+weight.document": 10,
    "-weight.script": 10,
    "+weight.script": 28,
    "-weight.image": 28,
    "+weight.image": 10,
    "-weight.font": 11,
    "+weight.font": 13,
    "+weight.fontCount": 3,
    "-timeToFirstByte": 24,
    "-totalBlockingTime": 10,
    "-largestContentfulPaint": 8
  },
  "axe": {
    "passes": 1264,
    "violations": 6
  }
}