{
  "url": "https://www.californiaclosets.com/all-white/",
  "requestedUrl": "https://www.californiaclosets.com/all-white/",
  "timestamp": 1710680948909,
  "ranks": {
    "hundos": 28,
    "performance": 33,
    "accessibility": 30,
    "cumulative": 28
  },
  "lighthouse": {
    "version": "9.6.8",
    "performance": 0.84,
    "accessibility": 0.83,
    "bestPractices": 1,
    "seo": 0.92,
    "total": 359
  },
  "firstContentfulPaint": 2223.339,
  "firstMeaningfulPaint": 2223.339,
  "speedIndex": 2632.3937831259623,
  "largestContentfulPaint": 3197.0229999999992,
  "totalBlockingTime": 125,
  "cumulativeLayoutShift": 0.003215051651000977,
  "timeToInteractive": 7955.3544999999995,
  "maxPotentialFirstInputDelay": 190,
  "timeToFirstByte": 20.063000000000002,
  "weight": {
    "summary": "110 requests • 1,418 KiB",
    "total": 1451921,
    "image": 660756,
    "imageCount": 35,
    "script": 407919,
    "scriptCount": 49,
    "document": 61172,
    "font": 243512,
    "fontCount": 10,
    "stylesheet": 63770,
    "stylesheetCount": 4,
    "thirdParty": 1075087,
    "thirdPartyCount": 52
  },
  "run": {
    "number": 3,
    "total": 3
  },
  "sidequests": {
    "-weight.total": 29,
    "+weight.total": 9,
    "-weight.document": 31,
    "+weight.document": 7,
    "-weight.script": 30,
    "+weight.script": 8,
    "-weight.image": 30,
    "+weight.image": 8,
    "-weight.font": 15,
    "+weight.font": 19,
    "+weight.fontCount": 3,
    "-timeToFirstByte": 35,
    "-totalBlockingTime": 29,
    "-largestContentfulPaint": 33
  },
  "axe": {
    "passes": 1006,
    "violations": 7
  }
}