{
  "url": "https://www.californiaclosets.com/all-white/",
  "requestedUrl": "https://www.californiaclosets.com/all-white/",
  "timestamp": 1706447062037,
  "ranks": {
    "hundos": 26,
    "performance": 26,
    "accessibility": 30,
    "cumulative": 25
  },
  "lighthouse": {
    "version": "9.6.8",
    "performance": 0.68,
    "accessibility": 0.81,
    "bestPractices": 1,
    "seo": 0.9,
    "total": 339
  },
  "firstContentfulPaint": 2899.929,
  "firstMeaningfulPaint": 2899.929,
  "speedIndex": 3277.3303902754737,
  "largestContentfulPaint": 4500.888000000001,
  "totalBlockingTime": 214.5,
  "cumulativeLayoutShift": 0.0384850271013048,
  "timeToInteractive": 9094.177,
  "maxPotentialFirstInputDelay": 173,
  "timeToFirstByte": 30.983,
  "weight": {
    "summary": "111 requests • 1,549 KiB",
    "total": 1586609,
    "image": 676969,
    "imageCount": 36,
    "script": 390439,
    "scriptCount": 47,
    "document": 68870,
    "font": 256244,
    "fontCount": 11,
    "stylesheet": 179337,
    "stylesheetCount": 5,
    "thirdParty": 1092855,
    "thirdPartyCount": 54
  },
  "run": {
    "number": 1,
    "total": 3
  },
  "sidequests": {
    "-weight.total": 29,
    "+weight.total": 9,
    "-weight.document": 33,
    "+weight.document": 5,
    "-weight.script": 15,
    "+weight.script": 21,
    "-weight.image": 30,
    "+weight.image": 8,
    "-weight.font": 8,
    "+weight.font": 30,
    "+weight.fontCount": 3,
    "-timeToFirstByte": 29,
    "-totalBlockingTime": 31,
    "-largestContentfulPaint": 21
  },
  "axe": {
    "passes": 1052,
    "violations": 6
  }
}