{
  "url": "https://www.californiaclosets.com/all-white/",
  "requestedUrl": "https://www.californiaclosets.com/all-white/",
  "timestamp": 1698586626846,
  "ranks": {
    "hundos": 17,
    "performance": 17,
    "accessibility": 32,
    "cumulative": 18
  },
  "lighthouse": {
    "version": "9.6.8",
    "performance": 0.37,
    "accessibility": 0.81,
    "bestPractices": 1,
    "seo": 0.9,
    "total": 308
  },
  "firstContentfulPaint": 3044.2839999999997,
  "firstMeaningfulPaint": 3044.2839999999997,
  "speedIndex": 4050.5186443737216,
  "largestContentfulPaint": 5568.601500000001,
  "totalBlockingTime": 736.0000000000009,
  "cumulativeLayoutShift": 0.32552802255418567,
  "timeToInteractive": 9551.697,
  "maxPotentialFirstInputDelay": 296.0000000000009,
  "timeToFirstByte": 61.275999999999996,
  "weight": {
    "summary": "112 requests • 1,477 KiB",
    "total": 1512313,
    "image": 676628,
    "imageCount": 36,
    "script": 396972,
    "scriptCount": 47,
    "document": 68648,
    "font": 178761,
    "fontCount": 10,
    "stylesheet": 176968,
    "stylesheetCount": 7,
    "thirdParty": 1102555,
    "thirdPartyCount": 55
  },
  "run": {
    "number": 1,
    "total": 3
  },
  "sidequests": {
    "-weight.total": 30,
    "+weight.total": 8,
    "-weight.document": 31,
    "+weight.document": 7,
    "-weight.script": 23,
    "+weight.script": 15,
    "-weight.image": 30,
    "+weight.image": 8,
    "-weight.font": 8,
    "+weight.font": 8,
    "+weight.fontCount": 3,
    "-timeToFirstByte": 31,
    "-totalBlockingTime": 14,
    "-largestContentfulPaint": 20
  },
  "axe": {
    "passes": 1178,
    "violations": 6
  }
}