{
  "url": "https://www.californiaclosets.com/all-white/",
  "requestedUrl": "https://www.californiaclosets.com/all-white/",
  "timestamp": 1709470958194,
  "ranks": {
    "hundos": 27,
    "performance": 25,
    "accessibility": 30,
    "cumulative": 25
  },
  "lighthouse": {
    "version": "9.6.8",
    "performance": 0.65,
    "accessibility": 0.81,
    "bestPractices": 1,
    "seo": 0.9,
    "total": 336
  },
  "firstContentfulPaint": 3014.652,
  "firstMeaningfulPaint": 3014.652,
  "speedIndex": 3484.2778255548565,
  "largestContentfulPaint": 5338.356,
  "totalBlockingTime": 194.49999999999955,
  "cumulativeLayoutShift": 0.003215051651000977,
  "timeToInteractive": 8641.865999999998,
  "maxPotentialFirstInputDelay": 220.9999999999991,
  "timeToFirstByte": 6.666999999999998,
  "weight": {
    "summary": "113 requests • 1,571 KiB",
    "total": 1608504,
    "image": 676268,
    "imageCount": 36,
    "script": 410559,
    "scriptCount": 50,
    "document": 83184,
    "font": 243477,
    "fontCount": 10,
    "stylesheet": 180318,
    "stylesheetCount": 5,
    "thirdParty": 1071087,
    "thirdPartyCount": 51
  },
  "run": {
    "number": 2,
    "total": 3
  },
  "sidequests": {
    "-weight.total": 29,
    "+weight.total": 9,
    "-weight.document": 34,
    "+weight.document": 4,
    "-weight.script": 14,
    "+weight.script": 24,
    "-weight.image": 30,
    "+weight.image": 8,
    "-weight.font": 9,
    "+weight.font": 27,
    "+weight.fontCount": 4,
    "-timeToFirstByte": 5,
    "-totalBlockingTime": 33,
    "-largestContentfulPaint": 25
  },
  "axe": {
    "passes": 1051,
    "violations": 6
  }
}