{
  "url": "https://www.californiaclosets.com/all-white/",
  "requestedUrl": "https://www.californiaclosets.com/all-white/",
  "timestamp": 1707656627450,
  "ranks": {
    "hundos": 28,
    "performance": 26,
    "accessibility": 31,
    "cumulative": 27
  },
  "lighthouse": {
    "version": "9.6.8",
    "performance": 0.7,
    "accessibility": 0.81,
    "bestPractices": 1,
    "seo": 0.9,
    "total": 341
  },
  "firstContentfulPaint": 3216.795,
  "firstMeaningfulPaint": 3247.9555,
  "speedIndex": 3216.795,
  "largestContentfulPaint": 4555.683999999999,
  "totalBlockingTime": 167.5,
  "cumulativeLayoutShift": 0.003215051651000977,
  "timeToInteractive": 7647.622500000001,
  "maxPotentialFirstInputDelay": 168,
  "timeToFirstByte": 45.152,
  "weight": {
    "summary": "110 requests • 1,565 KiB",
    "total": 1602842,
    "image": 676535,
    "imageCount": 36,
    "script": 404673,
    "scriptCount": 47,
    "document": 83048,
    "font": 243515,
    "fontCount": 10,
    "stylesheet": 180302,
    "stylesheetCount": 5,
    "thirdParty": 1094071,
    "thirdPartyCount": 53
  },
  "run": {
    "number": 2,
    "total": 3
  },
  "sidequests": {
    "-weight.total": 30,
    "+weight.total": 8,
    "-weight.document": 33,
    "+weight.document": 5,
    "-weight.script": 19,
    "+weight.script": 19,
    "-weight.image": 30,
    "+weight.image": 8,
    "-weight.font": 11,
    "+weight.font": 24,
    "+weight.fontCount": 4,
    "-timeToFirstByte": 36,
    "-totalBlockingTime": 27,
    "-largestContentfulPaint": 27
  },
  "axe": {
    "passes": 1051,
    "violations": 6
  }
}