{
  "url": "https://www.californiaclosets.com/all-white/",
  "requestedUrl": "https://www.californiaclosets.com/all-white/",
  "timestamp": 1701609727955,
  "ranks": {
    "hundos": 25,
    "performance": 25,
    "accessibility": 36,
    "cumulative": 25
  },
  "lighthouse": {
    "version": "9.6.8",
    "performance": 0.56,
    "accessibility": 0.81,
    "bestPractices": 1,
    "seo": 0.9,
    "total": 327
  },
  "firstContentfulPaint": 2833.9179999999997,
  "firstMeaningfulPaint": 2833.9179999999997,
  "speedIndex": 3487.1460027528556,
  "largestContentfulPaint": 5123.635499999999,
  "totalBlockingTime": 187.5,
  "cumulativeLayoutShift": 0.32552802255418567,
  "timeToInteractive": 9160.255000000001,
  "maxPotentialFirstInputDelay": 163,
  "timeToFirstByte": 9.346000000000002,
  "weight": {
    "summary": "113 requests • 1,579 KiB",
    "total": 1617081,
    "image": 676836,
    "imageCount": 36,
    "script": 498270,
    "scriptCount": 48,
    "document": 69221,
    "font": 178765,
    "fontCount": 10,
    "stylesheet": 179239,
    "stylesheetCount": 7,
    "thirdParty": 1217444,
    "thirdPartyCount": 56
  },
  "run": {
    "number": 2,
    "total": 3
  },
  "sidequests": {
    "-weight.total": 29,
    "+weight.total": 9,
    "-weight.document": 32,
    "+weight.document": 6,
    "-weight.script": 32,
    "+weight.script": 5,
    "-weight.image": 30,
    "+weight.image": 8,
    "-weight.font": 9,
    "+weight.font": 12,
    "+weight.fontCount": 3,
    "-timeToFirstByte": 19,
    "-totalBlockingTime": 29,
    "-largestContentfulPaint": 12
  },
  "axe": {
    "passes": 1100,
    "violations": 8
  }
}