{
  "url": "https://www.californiaclosets.com/all-white/",
  "requestedUrl": "https://www.californiaclosets.com/all-white/",
  "timestamp": 1692538171078,
  "ranks": {
    "hundos": 12,
    "performance": 11,
    "accessibility": 33,
    "cumulative": 12
  },
  "lighthouse": {
    "version": "9.6.8",
    "performance": 0.5,
    "accessibility": 0.83,
    "bestPractices": 1,
    "seo": 0.9,
    "total": 323
  },
  "firstContentfulPaint": 3050.252,
  "firstMeaningfulPaint": 3050.252,
  "speedIndex": 4022.597233497658,
  "largestContentfulPaint": 4941.636,
  "totalBlockingTime": 387,
  "cumulativeLayoutShift": 0.32604475975036623,
  "timeToInteractive": 8289.051000000003,
  "maxPotentialFirstInputDelay": 233.0000000000009,
  "timeToFirstByte": 15.006999999999998,
  "weight": {
    "summary": "134 requests • 1,757 KiB",
    "total": 1799295,
    "image": 725371,
    "imageCount": 39,
    "script": 662535,
    "scriptCount": 65,
    "document": 68424,
    "font": 154921,
    "fontCount": 11,
    "stylesheet": 174690,
    "stylesheetCount": 7,
    "thirdParty": 1376390,
    "thirdPartyCount": 75
  },
  "run": {
    "number": 3,
    "total": 3
  },
  "sidequests": {
    "-weight.total": 31,
    "+weight.total": 7,
    "-weight.document": 28,
    "+weight.document": 10,
    "-weight.script": 32,
    "+weight.script": 6,
    "-weight.image": 30,
    "+weight.image": 8,
    "-weight.font": 6,
    "+weight.font": 18,
    "+weight.fontCount": 3,
    "-timeToFirstByte": 22,
    "-totalBlockingTime": 13,
    "-largestContentfulPaint": 6
  },
  "axe": {
    "passes": 1285,
    "violations": 10
  }
}