{
  "url": "https://www.californiaclosets.com/all-white/",
  "requestedUrl": "https://www.californiaclosets.com/all-white/",
  "timestamp": 1704030605876,
  "ranks": {
    "hundos": 21,
    "performance": 13,
    "accessibility": 32,
    "cumulative": 21
  },
  "lighthouse": {
    "version": "9.6.8",
    "performance": 0.64,
    "accessibility": 0.74,
    "bestPractices": 1,
    "seo": 0.9,
    "total": 328
  },
  "firstContentfulPaint": 2841.882,
  "firstMeaningfulPaint": 2841.882,
  "speedIndex": 3105.0626850400145,
  "largestContentfulPaint": 5039.067000000001,
  "totalBlockingTime": 261.5000000000009,
  "cumulativeLayoutShift": 0.03820824284023709,
  "timeToInteractive": 9440.4295,
  "maxPotentialFirstInputDelay": 179,
  "timeToFirstByte": 30.282999999999998,
  "weight": {
    "summary": "114 requests • 1,632 KiB",
    "total": 1671256,
    "image": 676681,
    "imageCount": 36,
    "script": 385873,
    "scriptCount": 47,
    "document": 69314,
    "font": 335218,
    "fontCount": 12,
    "stylesheet": 189460,
    "stylesheetCount": 7,
    "thirdParty": 1183604,
    "thirdPartyCount": 56
  },
  "run": {
    "number": 1,
    "total": 3
  },
  "sidequests": {
    "-weight.total": 30,
    "+weight.total": 8,
    "-weight.document": 33,
    "+weight.document": 5,
    "-weight.script": 29,
    "+weight.script": 9,
    "-weight.image": 30,
    "+weight.image": 8,
    "-weight.font": 10,
    "+weight.font": 27,
    "+weight.fontCount": 3,
    "-timeToFirstByte": 35,
    "-totalBlockingTime": 16,
    "-largestContentfulPaint": 9
  },
  "axe": {
    "passes": 1027,
    "violations": 11
  }
}