{
  "url": "https://www.californiaclosets.com/all-white/",
  "requestedUrl": "https://www.californiaclosets.com/all-white/",
  "timestamp": 1688908750641,
  "ranks": {
    "hundos": 19,
    "performance": 21,
    "accessibility": 37,
    "cumulative": 19
  },
  "lighthouse": {
    "version": "9.6.8",
    "performance": 0.38,
    "accessibility": 0.83,
    "bestPractices": 1,
    "seo": 0.83,
    "total": 304
  },
  "firstContentfulPaint": 2852.501,
  "firstMeaningfulPaint": 3063.304,
  "speedIndex": 4213.911985910683,
  "largestContentfulPaint": 5103.3655,
  "totalBlockingTime": 815,
  "cumulativeLayoutShift": 0.32604475975036623,
  "timeToInteractive": 10842.151999999998,
  "maxPotentialFirstInputDelay": 251,
  "timeToFirstByte": 10.916999999999998,
  "weight": {
    "summary": "135 requests • 1,883 KiB",
    "total": 1928393,
    "image": 737862,
    "imageCount": 42,
    "script": 675143,
    "scriptCount": 61,
    "document": 173936,
    "font": 154774,
    "fontCount": 11,
    "stylesheet": 173047,
    "stylesheetCount": 6,
    "thirdParty": 1510169,
    "thirdPartyCount": 76
  },
  "run": {
    "number": 2,
    "total": 3
  },
  "sidequests": {
    "-weight.total": 24,
    "+weight.total": 14,
    "-weight.document": 30,
    "+weight.document": 8,
    "-weight.script": 12,
    "+weight.script": 26,
    "-weight.image": 28,
    "+weight.image": 10,
    "-weight.font": 8,
    "+weight.font": 12,
    "+weight.fontCount": 3,
    "-timeToFirstByte": 31,
    "-totalBlockingTime": 29,
    "-largestContentfulPaint": 10
  },
  "axe": {
    "passes": 1260,
    "violations": 10
  }
}