{
  "url": "https://www.californiaclosets.com/all-white/",
  "requestedUrl": "https://www.californiaclosets.com/all-white/",
  "timestamp": 1694352145230,
  "ranks": {
    "hundos": 25,
    "performance": 26,
    "accessibility": 32,
    "cumulative": 25
  },
  "lighthouse": {
    "version": "9.6.8",
    "performance": 0.34,
    "accessibility": 0.81,
    "bestPractices": 1,
    "seo": 0.9,
    "total": 305
  },
  "firstContentfulPaint": 2873.7830000000004,
  "firstMeaningfulPaint": 3196.9730000000004,
  "speedIndex": 4260.068315084423,
  "largestContentfulPaint": 5194.143,
  "totalBlockingTime": 1062.5,
  "cumulativeLayoutShift": 0.32604475975036623,
  "timeToInteractive": 9826.674,
  "maxPotentialFirstInputDelay": 349,
  "timeToFirstByte": 5.471,
  "weight": {
    "summary": "115 requests • 1,466 KiB",
    "total": 1501179,
    "image": 675921,
    "imageCount": 36,
    "script": 413037,
    "scriptCount": 49,
    "document": 68485,
    "font": 154954,
    "fontCount": 11,
    "stylesheet": 175898,
    "stylesheetCount": 7,
    "thirdParty": 1094012,
    "thirdPartyCount": 58
  },
  "run": {
    "number": 2,
    "total": 3
  },
  "sidequests": {
    "-weight.total": 28,
    "+weight.total": 10,
    "-weight.document": 31,
    "+weight.document": 7,
    "-weight.script": 29,
    "+weight.script": 9,
    "-weight.image": 30,
    "+weight.image": 8,
    "-weight.font": 8,
    "+weight.font": 9,
    "+weight.fontCount": 3,
    "-timeToFirstByte": 6,
    "-totalBlockingTime": 35,
    "-largestContentfulPaint": 15
  },
  "axe": {
    "passes": 1180,
    "violations": 6
  }
}