{
  "url": "https://www.californiaclosets.com/all-white/",
  "requestedUrl": "https://www.californiaclosets.com/all-white/",
  "timestamp": 1707052628013,
  "ranks": {
    "hundos": 19,
    "performance": 18,
    "accessibility": 30,
    "cumulative": 17
  },
  "lighthouse": {
    "version": "9.6.8",
    "performance": 0.66,
    "accessibility": 0.81,
    "bestPractices": 1,
    "seo": 0.9,
    "total": 337
  },
  "firstContentfulPaint": 2886.751,
  "firstMeaningfulPaint": 3005.9080000000004,
  "speedIndex": 3311.6102989813453,
  "largestContentfulPaint": 4933.9490000000005,
  "totalBlockingTime": 226.9999999999991,
  "cumulativeLayoutShift": 0.0384850271013048,
  "timeToInteractive": 9040.374500000002,
  "maxPotentialFirstInputDelay": 176,
  "timeToFirstByte": 8.172,
  "weight": {
    "summary": "111 requests • 1,549 KiB",
    "total": 1586363,
    "image": 676371,
    "imageCount": 36,
    "script": 391222,
    "scriptCount": 47,
    "document": 68733,
    "font": 256346,
    "fontCount": 11,
    "stylesheet": 178996,
    "stylesheetCount": 5,
    "thirdParty": 1094377,
    "thirdPartyCount": 54
  },
  "run": {
    "number": 2,
    "total": 3
  },
  "sidequests": {
    "-weight.total": 30,
    "+weight.total": 8,
    "-weight.document": 31,
    "+weight.document": 7,
    "-weight.script": 32,
    "+weight.script": 6,
    "-weight.image": 30,
    "+weight.image": 8,
    "-weight.font": 15,
    "+weight.font": 20,
    "+weight.fontCount": 3,
    "-timeToFirstByte": 18,
    "-totalBlockingTime": 29,
    "-largestContentfulPaint": 12
  },
  "axe": {
    "passes": 1052,
    "violations": 6
  }
}