{
  "url": "https://www.californiaclosets.com/all-white/",
  "requestedUrl": "https://www.californiaclosets.com/all-white/",
  "timestamp": 1693141712128,
  "ranks": {
    "hundos": 27,
    "performance": 28,
    "accessibility": 37,
    "cumulative": 28
  },
  "lighthouse": {
    "version": "9.6.8",
    "performance": 0.45,
    "accessibility": 0.81,
    "bestPractices": 1,
    "seo": 0.9,
    "total": 316
  },
  "firstContentfulPaint": 2897.919,
  "firstMeaningfulPaint": 3183.035,
  "speedIndex": 3886.089085410279,
  "largestContentfulPaint": 5403.939,
  "totalBlockingTime": 497.00000000000045,
  "cumulativeLayoutShift": 0.32604475975036623,
  "timeToInteractive": 8040.3409999999985,
  "maxPotentialFirstInputDelay": 250,
  "timeToFirstByte": 8.576,
  "weight": {
    "summary": "119 requests • 1,626 KiB",
    "total": 1664518,
    "image": 725500,
    "imageCount": 39,
    "script": 527827,
    "scriptCount": 50,
    "document": 68331,
    "font": 154954,
    "fontCount": 11,
    "stylesheet": 174882,
    "stylesheetCount": 7,
    "thirdParty": 1241467,
    "thirdPartyCount": 60
  },
  "run": {
    "number": 2,
    "total": 3
  },
  "sidequests": {
    "-weight.total": 30,
    "+weight.total": 8,
    "-weight.document": 31,
    "+weight.document": 7,
    "-weight.script": 33,
    "+weight.script": 5,
    "-weight.image": 30,
    "+weight.image": 8,
    "-weight.font": 11,
    "+weight.font": 11,
    "+weight.fontCount": 3,
    "-timeToFirstByte": 26,
    "-totalBlockingTime": 32,
    "-largestContentfulPaint": 17
  },
  "axe": {
    "passes": 1283,
    "violations": 13
  }
}