{
  "url": "https://www.californiaclosets.com/all-white/",
  "requestedUrl": "https://www.californiaclosets.com/all-white/",
  "timestamp": 1697378349838,
  "ranks": {
    "hundos": 21,
    "performance": 23,
    "accessibility": 36,
    "cumulative": 22
  },
  "lighthouse": {
    "version": "9.6.8",
    "performance": 0.38,
    "accessibility": 0.81,
    "bestPractices": 1,
    "seo": 0.9,
    "total": 309
  },
  "firstContentfulPaint": 2981.6009999999997,
  "firstMeaningfulPaint": 3257.3239999999996,
  "speedIndex": 3943.0724470761875,
  "largestContentfulPaint": 5282.313000000001,
  "totalBlockingTime": 810,
  "cumulativeLayoutShift": 0.32604475975036623,
  "timeToInteractive": 9184.61,
  "maxPotentialFirstInputDelay": 272,
  "timeToFirstByte": 11.709000000000003,
  "weight": {
    "summary": "110 requests • 1,441 KiB",
    "total": 1475693,
    "image": 676400,
    "imageCount": 36,
    "script": 384734,
    "scriptCount": 45,
    "document": 68586,
    "font": 154925,
    "fontCount": 11,
    "stylesheet": 177092,
    "stylesheetCount": 7,
    "thirdParty": 1076666,
    "thirdPartyCount": 56
  },
  "run": {
    "number": 3,
    "total": 3
  },
  "sidequests": {
    "-weight.total": 29,
    "+weight.total": 9,
    "-weight.document": 31,
    "+weight.document": 7,
    "-weight.script": 13,
    "+weight.script": 25,
    "-weight.image": 30,
    "+weight.image": 8,
    "-weight.font": 8,
    "+weight.font": 18,
    "+weight.fontCount": 3,
    "-timeToFirstByte": 13,
    "-totalBlockingTime": 25,
    "-largestContentfulPaint": 17
  },
  "axe": {
    "passes": 1181,
    "violations": 10
  }
}