{
  "url": "https://www.californiaclosets.com/all-white/",
  "requestedUrl": "https://www.californiaclosets.com/all-white/",
  "timestamp": 1689514414270,
  "ranks": {
    "hundos": 22,
    "performance": 23,
    "accessibility": 31,
    "cumulative": 22
  },
  "lighthouse": {
    "version": "9.6.8",
    "performance": 0.41,
    "accessibility": 0.83,
    "bestPractices": 1,
    "seo": 0.9,
    "total": 314
  },
  "firstContentfulPaint": 2879.435,
  "firstMeaningfulPaint": 3068.841,
  "speedIndex": 3889.126019749855,
  "largestContentfulPaint": 5317.337,
  "totalBlockingTime": 644.0000000000009,
  "cumulativeLayoutShift": 0.32604475975036623,
  "timeToInteractive": 9345.150000000001,
  "maxPotentialFirstInputDelay": 226,
  "timeToFirstByte": 6.52,
  "weight": {
    "summary": "127 requests • 1,654 KiB",
    "total": 1693364,
    "image": 726680,
    "imageCount": 40,
    "script": 450793,
    "scriptCount": 56,
    "document": 173998,
    "font": 154952,
    "fontCount": 11,
    "stylesheet": 173403,
    "stylesheetCount": 6,
    "thirdParty": 1271583,
    "thirdPartyCount": 68
  },
  "run": {
    "number": 3,
    "total": 3
  },
  "sidequests": {
    "-weight.total": 26,
    "+weight.total": 12,
    "-weight.document": 30,
    "+weight.document": 8,
    "-weight.script": 18,
    "+weight.script": 20,
    "-weight.image": 28,
    "+weight.image": 10,
    "-weight.font": 12,
    "+weight.font": 12,
    "+weight.fontCount": 3,
    "-timeToFirstByte": 13,
    "-totalBlockingTime": 28,
    "-largestContentfulPaint": 19
  },
  "axe": {
    "passes": 1277,
    "violations": 6
  }
}