{
  "url": "https://www.californiaclosets.com/all-white/",
  "requestedUrl": "https://www.californiaclosets.com/all-white/",
  "timestamp": 1690117456398,
  "ranks": {
    "hundos": 17,
    "performance": 16,
    "accessibility": 33,
    "cumulative": 17
  },
  "lighthouse": {
    "version": "9.6.8",
    "performance": 0.4,
    "accessibility": 0.83,
    "bestPractices": 1,
    "seo": 0.9,
    "total": 313
  },
  "firstContentfulPaint": 2935.0620000000004,
  "firstMeaningfulPaint": 3118.6435,
  "speedIndex": 3969.298514293041,
  "largestContentfulPaint": 4842.7955,
  "totalBlockingTime": 810.5,
  "cumulativeLayoutShift": 0.32604475975036623,
  "timeToInteractive": 9714.225000000002,
  "maxPotentialFirstInputDelay": 303,
  "timeToFirstByte": 64.755,
  "weight": {
    "summary": "128 requests • 1,690 KiB",
    "total": 1730658,
    "image": 726405,
    "imageCount": 40,
    "script": 488487,
    "scriptCount": 57,
    "document": 174029,
    "font": 154949,
    "fontCount": 11,
    "stylesheet": 173256,
    "stylesheetCount": 6,
    "thirdParty": 1308940,
    "thirdPartyCount": 69
  },
  "run": {
    "number": 1,
    "total": 3
  },
  "sidequests": {
    "-weight.total": 27,
    "+weight.total": 11,
    "-weight.document": 31,
    "+weight.document": 7,
    "-weight.script": 18,
    "+weight.script": 20,
    "-weight.image": 29,
    "+weight.image": 9,
    "-weight.font": 8,
    "+weight.font": 14,
    "+weight.fontCount": 3,
    "-timeToFirstByte": 34,
    "-totalBlockingTime": 23,
    "-largestContentfulPaint": 4
  },
  "axe": {
    "passes": 1313,
    "violations": 7
  }
}