{
  "url": "https://www.californiaclosets.ca/fr/chambre-coucher/penderie/",
  "requestedUrl": "https://www.californiaclosets.ca/fr/chambre-coucher/penderie/",
  "timestamp": 1701004865295,
  "ranks": {
    "hundos": 21,
    "performance": 25,
    "accessibility": 18,
    "cumulative": 21
  },
  "lighthouse": {
    "version": "9.6.8",
    "performance": 0.34,
    "accessibility": 0.85,
    "bestPractices": 0.92,
    "seo": 0.91,
    "total": 302
  },
  "firstContentfulPaint": 3292.2700000000004,
  "firstMeaningfulPaint": 4209.907499999999,
  "speedIndex": 6395.05064021332,
  "largestContentfulPaint": 7629.914999999997,
  "totalBlockingTime": 494.0000000000009,
  "cumulativeLayoutShift": 0.2862382117377387,
  "timeToInteractive": 11946.335500000001,
  "maxPotentialFirstInputDelay": 314,
  "timeToFirstByte": 2064.978,
  "weight": {
    "summary": "154 requests • 3,173 KiB",
    "total": 3249134,
    "image": 1896918,
    "imageCount": 52,
    "script": 923881,
    "scriptCount": 55,
    "document": 72907,
    "font": 221378,
    "fontCount": 11,
    "stylesheet": 118081,
    "stylesheetCount": 19,
    "thirdParty": 2894326,
    "thirdPartyCount": 99
  },
  "run": {
    "number": 3,
    "total": 3
  },
  "sidequests": {
    "-weight.total": 15,
    "+weight.total": 11,
    "-weight.document": 24,
    "+weight.document": 2,
    "-weight.script": 6,
    "+weight.script": 20,
    "-weight.image": 15,
    "+weight.image": 11,
    "-weight.font": 20,
    "+weight.font": 5,
    "+weight.fontCount": 2,
    "-timeToFirstByte": 23,
    "-totalBlockingTime": 12,
    "-largestContentfulPaint": 19
  },
  "axe": {
    "passes": 1901,
    "violations": 41
  }
}