{
  "url": "https://www.californiaclosets.ca/fr/chambre-coucher/penderie/",
  "requestedUrl": "https://www.californiaclosets.ca/fr/chambre-coucher/penderie/",
  "timestamp": 1699187800513,
  "ranks": {
    "hundos": 23,
    "performance": 25,
    "accessibility": 18,
    "cumulative": 23
  },
  "lighthouse": {
    "version": "9.6.8",
    "performance": 0.32,
    "accessibility": 0.85,
    "bestPractices": 0.92,
    "seo": 0.91,
    "total": 300
  },
  "firstContentfulPaint": 3238.5144999999993,
  "firstMeaningfulPaint": 4277.824499999999,
  "speedIndex": 9344.659355476451,
  "largestContentfulPaint": 7467.359,
  "totalBlockingTime": 406.99999999999955,
  "cumulativeLayoutShift": 0.43050953335232206,
  "timeToInteractive": 11561.036500000004,
  "maxPotentialFirstInputDelay": 250,
  "timeToFirstByte": 4106.685,
  "weight": {
    "summary": "146 requests • 3,032 KiB",
    "total": 3105023,
    "image": 1896322,
    "imageCount": 47,
    "script": 782352,
    "scriptCount": 49,
    "document": 72535,
    "font": 221398,
    "fontCount": 11,
    "stylesheet": 118198,
    "stylesheetCount": 19,
    "thirdParty": 2750817,
    "thirdPartyCount": 91
  },
  "run": {
    "number": 1,
    "total": 3
  },
  "sidequests": {
    "-weight.total": 17,
    "+weight.total": 9,
    "-weight.document": 24,
    "+weight.document": 2,
    "-weight.script": 15,
    "+weight.script": 11,
    "-weight.image": 17,
    "+weight.image": 9,
    "-weight.font": 22,
    "+weight.font": 3,
    "+weight.fontCount": 2,
    "-timeToFirstByte": 25,
    "-totalBlockingTime": 15,
    "-largestContentfulPaint": 20
  },
  "axe": {
    "passes": 1782,
    "violations": 40
  }
}