{
  "url": "https://www.californiaclosets.ca/fr/chambre-coucher/penderie/",
  "requestedUrl": "https://www.californiaclosets.ca/fr/chambre-coucher/penderie/",
  "timestamp": 1704029551305,
  "ranks": {
    "hundos": 20,
    "performance": 25,
    "accessibility": 17,
    "cumulative": 20
  },
  "lighthouse": {
    "version": "9.6.8",
    "performance": 0.3,
    "accessibility": 0.91,
    "bestPractices": 0.92,
    "seo": 0.91,
    "total": 304
  },
  "firstContentfulPaint": 3214.8810000000003,
  "firstMeaningfulPaint": 4206.1245,
  "speedIndex": 6170.667812527914,
  "largestContentfulPaint": 7676.926000000001,
  "totalBlockingTime": 693.4999999999982,
  "cumulativeLayoutShift": 0.2862382117377387,
  "timeToInteractive": 12303.1475,
  "maxPotentialFirstInputDelay": 365,
  "timeToFirstByte": 1825.4969999999998,
  "weight": {
    "summary": "176 requests • 2,733 KiB",
    "total": 2798114,
    "image": 1445577,
    "imageCount": 76,
    "script": 924871,
    "scriptCount": 54,
    "document": 73086,
    "font": 221161,
    "fontCount": 11,
    "stylesheet": 117350,
    "stylesheetCount": 18,
    "thirdParty": 2444675,
    "thirdPartyCount": 123
  },
  "run": {
    "number": 3,
    "total": 3
  },
  "sidequests": {
    "-weight.total": 5,
    "+weight.total": 21,
    "-weight.document": 24,
    "+weight.document": 2,
    "-weight.script": 8,
    "+weight.script": 18,
    "-weight.image": 5,
    "+weight.image": 21,
    "-weight.font": 11,
    "+weight.font": 15,
    "+weight.fontCount": 2,
    "-timeToFirstByte": 19,
    "-totalBlockingTime": 21,
    "-largestContentfulPaint": 18
  },
  "axe": {
    "passes": 1781,
    "violations": 40
  }
}