{
  "url": "https://www.californiaclosets.ca/fr/chambre-coucher/penderie/",
  "requestedUrl": "https://www.californiaclosets.ca/fr/chambre-coucher/penderie/",
  "timestamp": 1696769756421,
  "ranks": {
    "hundos": 19,
    "performance": 25,
    "accessibility": 17,
    "cumulative": 18
  },
  "lighthouse": {
    "version": "9.6.8",
    "performance": 0.25,
    "accessibility": 0.86,
    "bestPractices": 1,
    "seo": 0.93,
    "total": 304
  },
  "firstContentfulPaint": 3342.719,
  "firstMeaningfulPaint": 4282.7390000000005,
  "speedIndex": 7575.176863578733,
  "largestContentfulPaint": 7902.7374999999965,
  "totalBlockingTime": 867,
  "cumulativeLayoutShift": 0.2862382117377387,
  "timeToInteractive": 11199.485499999999,
  "maxPotentialFirstInputDelay": 323,
  "timeToFirstByte": 1804.676,
  "weight": {
    "summary": "145 requests • 3,029 KiB",
    "total": 3101726,
    "image": 1948251,
    "imageCount": 49,
    "script": 726620,
    "scriptCount": 51,
    "document": 73719,
    "font": 221351,
    "fontCount": 11,
    "stylesheet": 117450,
    "stylesheetCount": 19,
    "thirdParty": 2748872,
    "thirdPartyCount": 90
  },
  "run": {
    "number": 3,
    "total": 3
  },
  "sidequests": {
    "-weight.total": 17,
    "+weight.total": 9,
    "-weight.document": 24,
    "+weight.document": 2,
    "-weight.script": 24,
    "+weight.script": 2,
    "-weight.image": 17,
    "+weight.image": 9,
    "-weight.font": 20,
    "+weight.font": 6,
    "+weight.fontCount": 2,
    "-timeToFirstByte": 22,
    "-totalBlockingTime": 20,
    "-largestContentfulPaint": 20
  },
  "axe": {
    "passes": 1802,
    "violations": 39
  }
}