{
  "url": "https://www.californiaclosets.ca/fr/chambre-coucher/penderie/",
  "requestedUrl": "https://www.californiaclosets.ca/fr/chambre-coucher/penderie/",
  "timestamp": 1698585769713,
  "ranks": {
    "hundos": 19,
    "performance": 25,
    "accessibility": 18,
    "cumulative": 18
  },
  "lighthouse": {
    "version": "9.6.8",
    "performance": 0.19,
    "accessibility": 0.85,
    "bestPractices": 0.92,
    "seo": 0.91,
    "total": 287
  },
  "firstContentfulPaint": 3496.2840000000006,
  "firstMeaningfulPaint": 3797.3600000000006,
  "speedIndex": 7086.382433749992,
  "largestContentfulPaint": 7838.313,
  "totalBlockingTime": 1507.5000000000005,
  "cumulativeLayoutShift": 0.2940861309899224,
  "timeToInteractive": 12035.941000000003,
  "maxPotentialFirstInputDelay": 492,
  "timeToFirstByte": 1965.2359999999999,
  "weight": {
    "summary": "148 requests • 3,037 KiB",
    "total": 3109879,
    "image": 1896696,
    "imageCount": 50,
    "script": 787118,
    "scriptCount": 52,
    "document": 72481,
    "font": 221255,
    "fontCount": 11,
    "stylesheet": 117410,
    "stylesheetCount": 19,
    "thirdParty": 2756175,
    "thirdPartyCount": 93
  },
  "run": {
    "number": 3,
    "total": 3
  },
  "sidequests": {
    "-weight.total": 17,
    "+weight.total": 9,
    "-weight.document": 24,
    "+weight.document": 2,
    "-weight.script": 9,
    "+weight.script": 17,
    "-weight.image": 17,
    "+weight.image": 9,
    "-weight.font": 20,
    "+weight.font": 5,
    "+weight.fontCount": 2,
    "-timeToFirstByte": 19,
    "-totalBlockingTime": 20,
    "-largestContentfulPaint": 18
  },
  "axe": {
    "passes": 1782,
    "violations": 40
  }
}