{
  "url": "https://www.californiaclosets.ca/fr/chambre-coucher/penderie/",
  "requestedUrl": "https://www.californiaclosets.ca/fr/chambre-coucher/penderie/",
  "timestamp": 1693140560481,
  "ranks": {
    "hundos": 23,
    "performance": 25,
    "accessibility": 18,
    "cumulative": 23
  },
  "lighthouse": {
    "version": "9.6.8",
    "performance": 0.25,
    "accessibility": 0.91,
    "bestPractices": 0.92,
    "seo": 0.91,
    "total": 299
  },
  "firstContentfulPaint": 2985.4829999999997,
  "firstMeaningfulPaint": 3355.1519999999996,
  "speedIndex": 9677.713911969804,
  "largestContentfulPaint": 7952.363000000001,
  "totalBlockingTime": 844.5000000000018,
  "cumulativeLayoutShift": 0.2940861309899224,
  "timeToInteractive": 10859.2405,
  "maxPotentialFirstInputDelay": 324,
  "timeToFirstByte": 3943.371,
  "weight": {
    "summary": "141 requests • 2,811 KiB",
    "total": 2878254,
    "image": 1708624,
    "imageCount": 52,
    "script": 757556,
    "scriptCount": 48,
    "document": 71579,
    "font": 221171,
    "fontCount": 11,
    "stylesheet": 116144,
    "stylesheetCount": 19,
    "thirdParty": 2528274,
    "thirdPartyCount": 86
  },
  "run": {
    "number": 3,
    "total": 3
  },
  "sidequests": {
    "-weight.total": 20,
    "+weight.total": 6,
    "-weight.document": 24,
    "+weight.document": 2,
    "-weight.script": 15,
    "+weight.script": 11,
    "-weight.image": 20,
    "+weight.image": 6,
    "-weight.font": 15,
    "+weight.font": 11,
    "+weight.fontCount": 2,
    "-timeToFirstByte": 23,
    "-totalBlockingTime": 13,
    "-largestContentfulPaint": 22
  },
  "axe": {
    "passes": 1841,
    "violations": 40
  }
}