{
  "url": "https://www.californiaclosets.ca/fr/chambre-coucher/penderie/",
  "requestedUrl": "https://www.californiaclosets.ca/fr/chambre-coucher/penderie/",
  "timestamp": 1706446526718,
  "ranks": {
    "hundos": 17,
    "performance": 25,
    "accessibility": 17,
    "cumulative": 18
  },
  "lighthouse": {
    "version": "9.6.8",
    "performance": 0.34,
    "accessibility": 0.91,
    "bestPractices": 0.92,
    "seo": 0.91,
    "total": 308
  },
  "firstContentfulPaint": 3276.7015,
  "firstMeaningfulPaint": 4203.139999999999,
  "speedIndex": 6361.698587461619,
  "largestContentfulPaint": 7768.237999999998,
  "totalBlockingTime": 537.4999999999991,
  "cumulativeLayoutShift": 0.2628952145046658,
  "timeToInteractive": 12218.892,
  "maxPotentialFirstInputDelay": 333.9999999999982,
  "timeToFirstByte": 1809.0330000000001,
  "weight": {
    "summary": "177 requests • 2,696 KiB",
    "total": 2760804,
    "image": 1453587,
    "imageCount": 77,
    "script": 879395,
    "scriptCount": 54,
    "document": 73490,
    "font": 221224,
    "fontCount": 11,
    "stylesheet": 117521,
    "stylesheetCount": 18,
    "thirdParty": 2407106,
    "thirdPartyCount": 124
  },
  "run": {
    "number": 3,
    "total": 3
  },
  "sidequests": {
    "-weight.total": 7,
    "+weight.total": 19,
    "-weight.document": 24,
    "+weight.document": 2,
    "-weight.script": 10,
    "+weight.script": 16,
    "-weight.image": 7,
    "+weight.image": 19,
    "-weight.font": 14,
    "+weight.font": 12,
    "+weight.fontCount": 2,
    "-timeToFirstByte": 19,
    "-totalBlockingTime": 19,
    "-largestContentfulPaint": 18
  },
  "axe": {
    "passes": 1783,
    "violations": 40
  }
}