{
  "url": "https://www.californiaclosets.ca/fr/chambre-coucher/penderie/",
  "requestedUrl": "https://www.californiaclosets.ca/fr/chambre-coucher/penderie/",
  "timestamp": 1699793986600,
  "ranks": {
    "hundos": 18,
    "performance": 25,
    "accessibility": 17,
    "cumulative": 18
  },
  "lighthouse": {
    "version": "9.6.8",
    "performance": 0.35,
    "accessibility": 0.85,
    "bestPractices": 0.92,
    "seo": 0.91,
    "total": 303
  },
  "firstContentfulPaint": 3218.6075,
  "firstMeaningfulPaint": 4716.912,
  "speedIndex": 7653.506926577853,
  "largestContentfulPaint": 7822.930999999999,
  "totalBlockingTime": 456.00000000000045,
  "cumulativeLayoutShift": 0.2489473408593072,
  "timeToInteractive": 11612.279499999999,
  "maxPotentialFirstInputDelay": 268,
  "timeToFirstByte": 2775.838,
  "weight": {
    "summary": "149 requests • 3,043 KiB",
    "total": 3116358,
    "image": 1896541,
    "imageCount": 50,
    "script": 791838,
    "scriptCount": 52,
    "document": 72533,
    "font": 221352,
    "fontCount": 11,
    "stylesheet": 118227,
    "stylesheetCount": 19,
    "thirdParty": 2761934,
    "thirdPartyCount": 94
  },
  "run": {
    "number": 2,
    "total": 3
  },
  "sidequests": {
    "-weight.total": 17,
    "+weight.total": 9,
    "-weight.document": 24,
    "+weight.document": 2,
    "-weight.script": 18,
    "+weight.script": 8,
    "-weight.image": 17,
    "+weight.image": 9,
    "-weight.font": 18,
    "+weight.font": 7,
    "+weight.fontCount": 2,
    "-timeToFirstByte": 25,
    "-totalBlockingTime": 12,
    "-largestContentfulPaint": 21
  },
  "axe": {
    "passes": 1901,
    "violations": 41
  }
}