{
  "url": "https://www.californiaclosets.ca/fr/chambre-coucher/penderie/",
  "requestedUrl": "https://www.californiaclosets.ca/fr/chambre-coucher/penderie/",
  "timestamp": 1702211987012,
  "ranks": {
    "hundos": 21,
    "performance": 24,
    "accessibility": 18,
    "cumulative": 21
  },
  "lighthouse": {
    "version": "9.6.8",
    "performance": 0.32,
    "accessibility": 0.91,
    "bestPractices": 0.92,
    "seo": 0.91,
    "total": 306
  },
  "firstContentfulPaint": 3245.6480000000006,
  "firstMeaningfulPaint": 4284.6305,
  "speedIndex": 6726.161161988817,
  "largestContentfulPaint": 7585.597,
  "totalBlockingTime": 492,
  "cumulativeLayoutShift": 0.4185743933783637,
  "timeToInteractive": 12129.6155,
  "maxPotentialFirstInputDelay": 289,
  "timeToFirstByte": 2353.316,
  "weight": {
    "summary": "140 requests • 2,034 KiB",
    "total": 2082842,
    "image": 731546,
    "imageCount": 38,
    "script": 923359,
    "scriptCount": 55,
    "document": 73157,
    "font": 221427,
    "fontCount": 11,
    "stylesheet": 117630,
    "stylesheetCount": 19,
    "thirdParty": 1728405,
    "thirdPartyCount": 85
  },
  "run": {
    "number": 1,
    "total": 3
  },
  "sidequests": {
    "-weight.total": 9,
    "+weight.total": 17,
    "-weight.document": 24,
    "+weight.document": 2,
    "-weight.script": 21,
    "+weight.script": 5,
    "-weight.image": 8,
    "+weight.image": 18,
    "-weight.font": 21,
    "+weight.font": 4,
    "+weight.fontCount": 2,
    "-timeToFirstByte": 24,
    "-totalBlockingTime": 16,
    "-largestContentfulPaint": 18
  },
  "axe": {
    "passes": 1901,
    "violations": 41
  }
}