{
  "url": "https://www.californiaclosets.ca/fr/chambre-coucher/penderie/",
  "requestedUrl": "https://www.californiaclosets.ca/fr/chambre-coucher/penderie/",
  "timestamp": 1705236442055,
  "ranks": {
    "hundos": 21,
    "performance": 25,
    "accessibility": 18,
    "cumulative": 19
  },
  "lighthouse": {
    "version": "9.6.8",
    "performance": 0.34,
    "accessibility": 0.91,
    "bestPractices": 0.92,
    "seo": 0.91,
    "total": 308
  },
  "firstContentfulPaint": 3249.6120000000005,
  "firstMeaningfulPaint": 4206.397,
  "speedIndex": 6582.062121000445,
  "largestContentfulPaint": 7154.58,
  "totalBlockingTime": 508.5,
  "cumulativeLayoutShift": 0.2862382117377387,
  "timeToInteractive": 11877.718499999995,
  "maxPotentialFirstInputDelay": 289,
  "timeToFirstByte": 2238.205,
  "weight": {
    "summary": "176 requests • 2,753 KiB",
    "total": 2818923,
    "image": 1459305,
    "imageCount": 77,
    "script": 932137,
    "scriptCount": 54,
    "document": 73463,
    "font": 221098,
    "fontCount": 11,
    "stylesheet": 117614,
    "stylesheetCount": 18,
    "thirdParty": 2465280,
    "thirdPartyCount": 123
  },
  "run": {
    "number": 3,
    "total": 3
  },
  "sidequests": {
    "-weight.total": 7,
    "+weight.total": 19,
    "-weight.document": 24,
    "+weight.document": 2,
    "-weight.script": 17,
    "+weight.script": 9,
    "-weight.image": 7,
    "+weight.image": 19,
    "-weight.font": 11,
    "+weight.font": 15,
    "+weight.fontCount": 2,
    "-timeToFirstByte": 25,
    "-totalBlockingTime": 11,
    "-largestContentfulPaint": 15
  },
  "axe": {
    "passes": 1782,
    "violations": 40
  }
}