{
  "url": "https://www.californiaclosets.ca/fr/chambre-coucher/penderie/",
  "requestedUrl": "https://www.californiaclosets.ca/fr/chambre-coucher/penderie/",
  "timestamp": 1707654427386,
  "ranks": {
    "hundos": 22,
    "performance": 25,
    "accessibility": 18,
    "cumulative": 22
  },
  "lighthouse": {
    "version": "9.6.8",
    "performance": 0.33,
    "accessibility": 0.91,
    "bestPractices": 0.92,
    "seo": 0.91,
    "total": 307
  },
  "firstContentfulPaint": 3252.0485000000003,
  "firstMeaningfulPaint": 4205.822499999999,
  "speedIndex": 6387.191469353125,
  "largestContentfulPaint": 7776.299,
  "totalBlockingTime": 529.5,
  "cumulativeLayoutShift": 0.2862382117377387,
  "timeToInteractive": 12072.580000000004,
  "maxPotentialFirstInputDelay": 283,
  "timeToFirstByte": 1860.022,
  "weight": {
    "summary": "176 requests • 2,705 KiB",
    "total": 2770143,
    "image": 1453635,
    "imageCount": 77,
    "script": 888530,
    "scriptCount": 54,
    "document": 73595,
    "font": 221325,
    "fontCount": 11,
    "stylesheet": 117808,
    "stylesheetCount": 18,
    "thirdParty": 2414323,
    "thirdPartyCount": 123
  },
  "run": {
    "number": 1,
    "total": 3
  },
  "sidequests": {
    "-weight.total": 7,
    "+weight.total": 19,
    "-weight.document": 24,
    "+weight.document": 2,
    "-weight.script": 19,
    "+weight.script": 7,
    "-weight.image": 7,
    "+weight.image": 19,
    "-weight.font": 18,
    "+weight.font": 8,
    "+weight.fontCount": 2,
    "-timeToFirstByte": 21,
    "-totalBlockingTime": 17,
    "-largestContentfulPaint": 17
  },
  "axe": {
    "passes": 1783,
    "violations": 40
  }
}