{
  "url": "https://www.californiaclosets.ca/fr/chambre-coucher/penderie/",
  "requestedUrl": "https://www.californiaclosets.ca/fr/chambre-coucher/penderie/",
  "timestamp": 1688301943830,
  "ranks": {
    "hundos": 24,
    "performance": 25,
    "accessibility": 17,
    "cumulative": 24
  },
  "lighthouse": {
    "version": "9.6.8",
    "performance": 0.22,
    "accessibility": 0.91,
    "bestPractices": 0.92,
    "seo": 0.91,
    "total": 296
  },
  "firstContentfulPaint": 3600.817,
  "firstMeaningfulPaint": 4346.2789999999995,
  "speedIndex": 10563.408665646803,
  "largestContentfulPaint": 9236.927499999996,
  "totalBlockingTime": 838,
  "cumulativeLayoutShift": 0.2862382117377387,
  "timeToInteractive": 12414.456999999999,
  "maxPotentialFirstInputDelay": 321,
  "timeToFirstByte": 3974.881,
  "weight": {
    "summary": "159 requests • 3,224 KiB",
    "total": 3301124,
    "image": 1724343,
    "imageCount": 56,
    "script": 1169128,
    "scriptCount": 61,
    "document": 69047,
    "font": 221303,
    "fontCount": 11,
    "stylesheet": 114147,
    "stylesheetCount": 18,
    "thirdParty": 2947329,
    "thirdPartyCount": 104
  },
  "run": {
    "number": 2,
    "total": 3
  },
  "sidequests": {
    "-weight.total": 20,
    "+weight.total": 6,
    "-weight.document": 20,
    "+weight.document": 6,
    "-weight.script": 21,
    "+weight.script": 5,
    "-weight.image": 20,
    "+weight.image": 6,
    "-weight.font": 15,
    "+weight.font": 9,
    "+weight.fontCount": 2,
    "-timeToFirstByte": 24,
    "-totalBlockingTime": 16,
    "-largestContentfulPaint": 16
  },
  "axe": {
    "passes": 1785,
    "violations": 39
  }
}