{
  "url": "https://www.californiaclosets.ca/fr/chambre-coucher/penderie/",
  "requestedUrl": "https://www.californiaclosets.ca/fr/chambre-coucher/penderie/",
  "timestamp": 1700397499108,
  "ranks": {
    "hundos": 15,
    "performance": 24,
    "accessibility": 18,
    "cumulative": 15
  },
  "lighthouse": {
    "version": "9.6.8",
    "performance": 0.37,
    "accessibility": 0.85,
    "bestPractices": 0.92,
    "seo": 0.91,
    "total": 305
  },
  "firstContentfulPaint": 3292.0525000000002,
  "firstMeaningfulPaint": 4189.779999999999,
  "speedIndex": 6538.749171537873,
  "largestContentfulPaint": 7474.8369999999995,
  "totalBlockingTime": 509.5,
  "cumulativeLayoutShift": 0.20349569426642528,
  "timeToInteractive": 11804.887999999997,
  "maxPotentialFirstInputDelay": 270,
  "timeToFirstByte": 2076.527,
  "weight": {
    "summary": "154 requests • 3,172 KiB",
    "total": 3247800,
    "image": 1896807,
    "imageCount": 52,
    "script": 923125,
    "scriptCount": 55,
    "document": 72882,
    "font": 221446,
    "fontCount": 11,
    "stylesheet": 118071,
    "stylesheetCount": 19,
    "thirdParty": 2893592,
    "thirdPartyCount": 99
  },
  "run": {
    "number": 1,
    "total": 3
  },
  "sidequests": {
    "-weight.total": 15,
    "+weight.total": 11,
    "-weight.document": 24,
    "+weight.document": 2,
    "-weight.script": 13,
    "+weight.script": 13,
    "-weight.image": 15,
    "+weight.image": 11,
    "-weight.font": 22,
    "+weight.font": 4,
    "+weight.fontCount": 2,
    "-timeToFirstByte": 25,
    "-totalBlockingTime": 17,
    "-largestContentfulPaint": 19
  },
  "axe": {
    "passes": 1902,
    "violations": 41
  }
}