{
  "url": "https://www.californiaclosets.ca/fr/chambre-coucher/penderie/",
  "requestedUrl": "https://www.californiaclosets.ca/fr/chambre-coucher/penderie/",
  "timestamp": 1697375852401,
  "ranks": {
    "hundos": 13,
    "performance": 25,
    "accessibility": 18,
    "cumulative": 13
  },
  "lighthouse": {
    "version": "9.6.8",
    "performance": 0.26,
    "accessibility": 0.85,
    "bestPractices": 0.92,
    "seo": 0.91,
    "total": 294
  },
  "firstContentfulPaint": 3389.844,
  "firstMeaningfulPaint": 4360.139,
  "speedIndex": 6684.033065249945,
  "largestContentfulPaint": 7843.620500000001,
  "totalBlockingTime": 1129.4999999999982,
  "cumulativeLayoutShift": 0.20349569426642528,
  "timeToInteractive": 12071.093500000003,
  "maxPotentialFirstInputDelay": 438.9999999999991,
  "timeToFirstByte": 1837.3310000000001,
  "weight": {
    "summary": "146 requests • 3,027 KiB",
    "total": 3099845,
    "image": 1896088,
    "imageCount": 47,
    "script": 778344,
    "scriptCount": 49,
    "document": 72493,
    "font": 221340,
    "fontCount": 11,
    "stylesheet": 117381,
    "stylesheetCount": 19,
    "thirdParty": 2746512,
    "thirdPartyCount": 91
  },
  "run": {
    "number": 3,
    "total": 3
  },
  "sidequests": {
    "-weight.total": 17,
    "+weight.total": 9,
    "-weight.document": 24,
    "+weight.document": 2,
    "-weight.script": 17,
    "+weight.script": 9,
    "-weight.image": 17,
    "+weight.image": 9,
    "-weight.font": 22,
    "+weight.font": 4,
    "+weight.fontCount": 2,
    "-timeToFirstByte": 21,
    "-totalBlockingTime": 23,
    "-largestContentfulPaint": 18
  },
  "axe": {
    "passes": 1781,
    "violations": 40
  }
}